Day Number,Date,Slot Number,Time Slot,Section Name,Department,Grade Level,Shift,Subject,Teacher,Duration (Mins)
1,"Tuesday, September 2, 2026",1,07:30 AM – 08:30 AM,KINDER 2 CLASS SCHEDULE (F2F),Elementary,Kindergarten 2,F2F,Circle Time,Tchr. Keychell,30
4,"Sunday, September 7, 2026",3,10:00 AM – 11:00 AM,KINDER 2 CLASS SCHEDULE (F2F),Elementary,Kindergarten 2,F2F,Hadith,Ustadha Saliha,30
1,"Tuesday, September 2, 2026",3,10:00 AM – 11:00 AM,KINDER 2 CLASS SCHEDULE (F2F),Elementary,Kindergarten 2,F2F,Arabic Language,Ustadha Saliha,30
1,"Tuesday, September 2, 2026",2,08:45 AM – 09:45 AM,KINDER 2 CLASS SCHEDULE (F2F),Elementary,Kindergarten 2,F2F,Qur'an,Ustadh Jaisam,30
2,"Wednesday, September 3, 2026",2,01:45 PM – 02:45 PM,Kinder 2 ABU BAKR AS-SIDEEQ (1ST SHIFT),Elementary,Kindergarten 2,ODL - 1ST SHIFT,Circle Time,Tchr. Joanna,30
3,"Saturday, September 6, 2026",3,02:45 PM – 03:30 PM,Kinder 2 ABU BAKR AS-SIDEEQ (1ST SHIFT),Elementary,Kindergarten 2,ODL - 1ST SHIFT,Qur'an,Ustadh Hainur,30
4,"Sunday, September 7, 2026",2,01:45 PM – 02:45 PM,Kinder 2 ABU BAKR AS-SIDEEQ (1ST SHIFT),Elementary,Kindergarten 2,ODL - 1ST SHIFT,Arabic Language,Ustadha Silfah,30
2,"Wednesday, September 3, 2026",3,02:45 PM – 03:30 PM,Kinder 2 ABU BAKR AS-SIDEEQ (1ST SHIFT),Elementary,Kindergarten 2,ODL - 1ST SHIFT,Hadith,Ustadha Saliha,30
4,"Sunday, September 7, 2026",3,02:45 PM – 03:30 PM,Kinder 2 UTHMAN IBN AFFAN (1ST SHIFT),Elementary,Kindergarten 2,ODL - 1ST SHIFT,Circle Time,Tchr. Ayah,30
2,"Wednesday, September 3, 2026",2,01:45 PM – 02:45 PM,Kinder 2 UTHMAN IBN AFFAN (1ST SHIFT),Elementary,Kindergarten 2,ODL - 1ST SHIFT,Arabic Language,Ustadha Silfah,30
3,"Saturday, September 6, 2026",3,02:45 PM – 03:30 PM,Kinder 2 UTHMAN IBN AFFAN (1ST SHIFT),Elementary,Kindergarten 2,ODL - 1ST SHIFT,Qur'an,Ustadh Hainur,30
1,"Tuesday, September 2, 2026",2,01:45 PM – 02:45 PM,Kinder 2 UTHMAN IBN AFFAN (1ST SHIFT),Elementary,Kindergarten 2,ODL - 1ST SHIFT,Hadith,Ustadha Saliha,30
1,"Tuesday, September 2, 2026",2,04:45 PM – 05:45 PM,K2 - ABDULLAH IBN MAS'UD (2ND SHIFT),Elementary,Kindergarten 2,ODL - 2ND SHIFT,Circle Time,Tchr. Ayah,30
3,"Saturday, September 6, 2026",3,05:45 PM – 06:45 PM,K2 - ABDULLAH IBN MAS'UD (2ND SHIFT),Elementary,Kindergarten 2,ODL - 2ND SHIFT,Arabic Language,Ustadha Silfah,30
4,"Sunday, September 7, 2026",1,03:30 PM – 04:30 PM,K2 - ABDULLAH IBN MAS'UD (2ND SHIFT),Elementary,Kindergarten 2,ODL - 2ND SHIFT,Qur'an,Ustadh Hainur,30
1,"Tuesday, September 2, 2026",1,03:30 PM – 04:30 PM,K2 - ABDULLAH IBN MAS'UD (2ND SHIFT),Elementary,Kindergarten 2,ODL - 2ND SHIFT,Hadith,Ustadh Hainur,30
3,"Saturday, September 6, 2026",3,05:45 PM – 06:45 PM,K2 - UMAR IBN AL-KHATTAB (2ND SHIFT),Elementary,Kindergarten 2,ODL - 2ND SHIFT,Qur'an,Ustadh Hainur,30
1,"Tuesday, September 2, 2026",1,03:30 PM – 04:30 PM,K2 - UMAR IBN AL-KHATTAB (2ND SHIFT),Elementary,Kindergarten 2,ODL - 2ND SHIFT,Circle Time,Tchr. Joanna,30
2,"Wednesday, September 3, 2026",2,04:45 PM – 05:45 PM,K2 - UMAR IBN AL-KHATTAB (2ND SHIFT),Elementary,Kindergarten 2,ODL - 2ND SHIFT,Hadith,Ustadh Hainur,30
4,"Sunday, September 7, 2026",3,05:45 PM – 06:45 PM,K2 - UMAR IBN AL-KHATTAB (2ND SHIFT),Elementary,Kindergarten 2,ODL - 2ND SHIFT,Arabic Language,Ustadha Silfah,30
1,"Tuesday, September 2, 2026",2,04:45 PM – 05:45 PM,K1 - HUSAIN IBN ALI (2ND SHIFT),Elementary,Kindergarten 1,ODL - 2ND SHIFT,Circle Time,Teacher Wendy,30
3,"Saturday, September 6, 2026",1,03:30 PM – 04:30 PM,K1 - HUSAIN IBN ALI (2ND SHIFT),Elementary,Kindergarten 1,ODL - 2ND SHIFT,Qur'an,Ustadh Hainur,30
2,"Wednesday, September 3, 2026",1,03:30 PM – 04:30 PM,K1 - HUSAIN IBN ALI (2ND SHIFT),Elementary,Kindergarten 1,ODL - 2ND SHIFT,Hadith,Ustadh Hainur,30
4,"Sunday, September 7, 2026",3,05:45 PM – 06:45 PM,K1 - HUSAIN IBN ALI (2ND SHIFT),Elementary,Kindergarten 1,ODL - 2ND SHIFT,Arabic Language,Alim Bustamante,30
2,"Wednesday, September 3, 2026",1,03:30 PM – 04:30 PM,Kinder 2 KHABAAB IBN ARAT (2ND SHIFT),Elementary,Kindergarten 2,ODL - 2ND SHIFT,Circle Time,Tchr. Keychell,30
3,"Saturday, September 6, 2026",2,04:45 PM – 05:45 PM,Kinder 2 KHABAAB IBN ARAT (2ND SHIFT),Elementary,Kindergarten 2,ODL - 2ND SHIFT,Qur'an,Ustadh Faidh,30
1,"Tuesday, September 2, 2026",2,04:45 PM – 05:45 PM,Kinder 2 KHABAAB IBN ARAT (2ND SHIFT),Elementary,Kindergarten 2,ODL - 2ND SHIFT,Hadith,Ustadh Faidh,30
2,"Wednesday, September 3, 2026",2,04:45 PM – 05:45 PM,Kinder 2 KHABAAB IBN ARAT (2ND SHIFT),Elementary,Kindergarten 2,ODL - 2ND SHIFT,Arabic Language,Ustadh Faidh,30
3,"Saturday, September 6, 2026",1,07:30 AM – 08:30 AM,KINDER 1 CLASS SCHEDULE (F2F),Elementary,Kindergarten 1,F2F,Circle Time,Teacher Wendy,30
4,"Sunday, September 7, 2026",2,08:45 AM – 09:45 AM,KINDER 1 CLASS SCHEDULE (F2F),Elementary,Kindergarten 1,F2F,Qur'an,Ustadh Jaisam,30
2,"Wednesday, September 3, 2026",2,08:45 AM – 09:45 AM,KINDER 1 CLASS SCHEDULE (F2F),Elementary,Kindergarten 1,F2F,Arabic Language,Ustadha Saliha,30
1,"Tuesday, September 2, 2026",2,08:45 AM – 09:45 AM,KINDER 1 CLASS SCHEDULE (F2F),Elementary,Kindergarten 1,F2F,Hadith,Ustadha Saliha,30
2,"Wednesday, September 3, 2026",3,10:00 AM – 11:00 AM,GRADE 1 (FACE TO FACE),Elementary,Grade 1,F2F,GMRC / Values,Ustadha Saliha,45
3,"Saturday, September 6, 2026",2,08:45 AM – 09:45 AM,GRADE 1 (FACE TO FACE),Elementary,Grade 1,F2F,HG,Tchr. Sahdia,45
2,"Wednesday, September 3, 2026",1,07:30 AM – 08:30 AM,GRADE 1 (FACE TO FACE),Elementary,Grade 1,F2F,Language,Tchr. Sahdia,45
4,"Sunday, September 7, 2026",2,08:45 AM – 09:45 AM,GRADE 1 (FACE TO FACE),Elementary,Grade 1,F2F,21st Century Literature,Teacher Kat,45
1,"Tuesday, September 2, 2026",1,07:30 AM – 08:30 AM,GRADE 1 (FACE TO FACE),Elementary,Grade 1,F2F,Mathematics,Teacher Wendy,45
4,"Sunday, September 7, 2026",1,07:30 AM – 08:30 AM,GRADE 1 (FACE TO FACE),Elementary,Grade 1,F2F,SHAF,Ustadh Abdiraheem,45
4,"Sunday, September 7, 2026",3,10:00 AM – 11:00 AM,GRADE 1 (FACE TO FACE),Elementary,Grade 1,F2F,Makabansa,Teacher Norhydie,45
1,"Tuesday, September 2, 2026",3,10:00 AM – 11:00 AM,GRADE 1 (FACE TO FACE),Elementary,Grade 1,F2F,Arabic Language,Tchr. Sahdia,45
3,"Saturday, September 6, 2026",3,10:00 AM – 11:00 AM,GRADE 1 (FACE TO FACE),Elementary,Grade 1,F2F,Qur'an,Ustadh Obaydah,45
1,"Tuesday, September 2, 2026",3,02:45 PM – 03:30 PM,GRADE 1 - HUDHAYFAH IBN AL-YAM (1ST SHIFT),Elementary,Grade 1,ODL - 1ST SHIFT,GMRC / Values,Tchr. Sahdia,45
2,"Wednesday, September 3, 2026",2,01:45 PM – 02:45 PM,GRADE 1 - HUDHAYFAH IBN AL-YAM (1ST SHIFT),Elementary,Grade 1,ODL - 1ST SHIFT,Makabansa,Teacher Norhydie,45
3,"Saturday, September 6, 2026",1,12:30 PM – 01:30 PM,GRADE 1 - HUDHAYFAH IBN AL-YAM (1ST SHIFT),Elementary,Grade 1,ODL - 1ST SHIFT,Arabic Language,Ustadh Hainur,45
4,"Sunday, September 7, 2026",1,12:30 PM – 01:30 PM,GRADE 1 - HUDHAYFAH IBN AL-YAM (1ST SHIFT),Elementary,Grade 1,ODL - 1ST SHIFT,SHAF,Alim Abdul Karim,45
3,"Saturday, September 6, 2026",3,02:45 PM – 03:30 PM,GRADE 1 - HUDHAYFAH IBN AL-YAM (1ST SHIFT),Elementary,Grade 1,ODL - 1ST SHIFT,Language,Tchr. Sahdia,45
1,"Tuesday, September 2, 2026",1,12:30 PM – 01:30 PM,GRADE 1 - HUDHAYFAH IBN AL-YAM (1ST SHIFT),Elementary,Grade 1,ODL - 1ST SHIFT,Qur'an,Ustadh Hainur,45
2,"Wednesday, September 3, 2026",1,12:30 PM – 01:30 PM,GRADE 1 - HUDHAYFAH IBN AL-YAM (1ST SHIFT),Elementary,Grade 1,ODL - 1ST SHIFT,Mathematics,Tchr. Joanna,45
1,"Tuesday, September 2, 2026",2,01:45 PM – 02:45 PM,GRADE 1 - HUDHAYFAH IBN AL-YAM (1ST SHIFT),Elementary,Grade 1,ODL - 1ST SHIFT,R & L,Teacher Kat,45
4,"Sunday, September 7, 2026",2,01:45 PM – 02:45 PM,GRADE 1 - ALI IBN ABI TALIB(1ST SHIFT),Elementary,Grade 1,ODL - 1ST SHIFT,Mathematics,Tchr. Joanna,45
2,"Wednesday, September 3, 2026",3,02:45 PM – 03:30 PM,GRADE 1 - ALI IBN ABI TALIB(1ST SHIFT),Elementary,Grade 1,ODL - 1ST SHIFT,Language,Tchr. Sahdia,45
1,"Tuesday, September 2, 2026",3,02:45 PM – 03:30 PM,GRADE 1 - ALI IBN ABI TALIB(1ST SHIFT),Elementary,Grade 1,ODL - 1ST SHIFT,Makabansa,Teacher Norhydie,45
4,"Sunday, September 7, 2026",3,02:45 PM – 03:30 PM,GRADE 1 - ALI IBN ABI TALIB(1ST SHIFT),Elementary,Grade 1,ODL - 1ST SHIFT,GMRC / Values,Ustadha Saliha,45
3,"Saturday, September 6, 2026",3,02:45 PM – 03:30 PM,GRADE 1 - ALI IBN ABI TALIB(1ST SHIFT),Elementary,Grade 1,ODL - 1ST SHIFT,SHAF,Alim Abdul Karim,45
3,"Saturday, September 6, 2026",1,12:30 PM – 01:30 PM,GRADE 1 - ALI IBN ABI TALIB(1ST SHIFT),Elementary,Grade 1,ODL - 1ST SHIFT,Arabic Language,Ustadh Hainur,45
4,"Sunday, September 7, 2026",1,12:30 PM – 01:30 PM,GRADE 1 - ALI IBN ABI TALIB(1ST SHIFT),Elementary,Grade 1,ODL - 1ST SHIFT,R & L,Teacher Kat,45
1,"Tuesday, September 2, 2026",1,12:30 PM – 01:30 PM,GRADE 1 - ALI IBN ABI TALIB(1ST SHIFT),Elementary,Grade 1,ODL - 1ST SHIFT,Qur'an,Ustadh Hainur,45
2,"Wednesday, September 3, 2026",2,04:45 PM – 05:45 PM,GRADE 1 - SUHAYB AR-RUMI (2ND SHIFT),Elementary,Grade 1,ODL - 2ND SHIFT,GMRC / Values,Tchr. Sahdia,45
4,"Sunday, September 7, 2026",1,03:30 PM – 04:30 PM,GRADE 1 - SUHAYB AR-RUMI (2ND SHIFT),Elementary,Grade 1,ODL - 2ND SHIFT,Makabansa,Teacher Norhydie,45
4,"Sunday, September 7, 2026",3,05:45 PM – 06:45 PM,GRADE 1 - SUHAYB AR-RUMI (2ND SHIFT),Elementary,Grade 1,ODL - 2ND SHIFT,Qur'an,Ustadh Hainur,45
1,"Tuesday, September 2, 2026",2,04:45 PM – 05:45 PM,GRADE 1 - SUHAYB AR-RUMI (2ND SHIFT),Elementary,Grade 1,ODL - 2ND SHIFT,Mathematics,Tchr. Joanna,45
1,"Tuesday, September 2, 2026",3,05:45 PM – 06:45 PM,GRADE 1 - SUHAYB AR-RUMI (2ND SHIFT),Elementary,Grade 1,ODL - 2ND SHIFT,Language,Tchr. Sahdia,45
4,"Sunday, September 7, 2026",2,04:45 PM – 05:45 PM,GRADE 1 - SUHAYB AR-RUMI (2ND SHIFT),Elementary,Grade 1,ODL - 2ND SHIFT,Arabic Language,Ustadh Hainur,45
1,"Tuesday, September 2, 2026",1,03:30 PM – 04:30 PM,GRADE 1 - SUHAYB AR-RUMI (2ND SHIFT),Elementary,Grade 1,ODL - 2ND SHIFT,SHAF,Alim Abdul Karim,45
3,"Saturday, September 6, 2026",2,04:45 PM – 05:45 PM,GRADE 1 - SUHAYB AR-RUMI (2ND SHIFT),Elementary,Grade 1,ODL - 2ND SHIFT,R & L,Teacher Kat,45
1,"Tuesday, September 2, 2026",2,04:45 PM – 05:45 PM,GRADE 1 - SA'AD IBN ABI WAQQAAS (2ND SHIFT),Elementary,Grade 1,ODL - 2ND SHIFT,Mathematics,Tchr. Joanna,45
3,"Saturday, September 6, 2026",1,03:30 PM – 04:30 PM,GRADE 1 - SA'AD IBN ABI WAQQAAS (2ND SHIFT),Elementary,Grade 1,ODL - 2ND SHIFT,Language,Tchr. Sahdia,45
1,"Tuesday, September 2, 2026",1,03:30 PM – 04:30 PM,GRADE 1 - SA'AD IBN ABI WAQQAAS (2ND SHIFT),Elementary,Grade 1,ODL - 2ND SHIFT,R & L,Teacher Kat,45
2,"Wednesday, September 3, 2026",3,05:45 PM – 06:45 PM,GRADE 1 - SA'AD IBN ABI WAQQAAS (2ND SHIFT),Elementary,Grade 1,ODL - 2ND SHIFT,SHAF,Alim Abdul Karim,45
3,"Saturday, September 6, 2026",2,04:45 PM – 05:45 PM,GRADE 1 - SA'AD IBN ABI WAQQAAS (2ND SHIFT),Elementary,Grade 1,ODL - 2ND SHIFT,Qur'an,Ustadh Hainur,45
4,"Sunday, September 7, 2026",3,05:45 PM – 06:45 PM,GRADE 1 - SA'AD IBN ABI WAQQAAS (2ND SHIFT),Elementary,Grade 1,ODL - 2ND SHIFT,GMRC / Values,Tchr. Sahdia,45
1,"Tuesday, September 2, 2026",3,05:45 PM – 06:45 PM,GRADE 1 - SA'AD IBN ABI WAQQAAS (2ND SHIFT),Elementary,Grade 1,ODL - 2ND SHIFT,Arabic Language,Ustadh Hainur,45
2,"Wednesday, September 3, 2026",2,04:45 PM – 05:45 PM,GRADE 1 - SA'AD IBN ABI WAQQAAS (2ND SHIFT),Elementary,Grade 1,ODL - 2ND SHIFT,Makabansa,Teacher Norhydie,45
1,"Tuesday, September 2, 2026",3,10:00 AM – 11:00 AM,GRADE 2 (FACE TO FACE),Elementary,Grade 2,F2F,English,Teacher Marham,45
3,"Saturday, September 6, 2026",1,07:30 AM – 08:30 AM,GRADE 2 (FACE TO FACE),Elementary,Grade 2,F2F,Makabansa,Teacher Monisa,45
1,"Tuesday, September 2, 2026",2,08:45 AM – 09:45 AM,GRADE 2 (FACE TO FACE),Elementary,Grade 2,F2F,Mathematics,Teacher Sitti,45
2,"Wednesday, September 3, 2026",2,08:45 AM – 09:45 AM,GRADE 2 (FACE TO FACE),Elementary,Grade 2,F2F,HG,Teacher Marham,45
4,"Sunday, September 7, 2026",2,08:45 AM – 09:45 AM,GRADE 2 (FACE TO FACE),Elementary,Grade 2,F2F,GMRC / Values,Ustadha Saliha,45
4,"Sunday, September 7, 2026",1,07:30 AM – 08:30 AM,GRADE 2 (FACE TO FACE),Elementary,Grade 2,F2F,Qur'an,Ustadh Obaydah,45
3,"Saturday, September 6, 2026",2,08:45 AM – 09:45 AM,GRADE 2 (FACE TO FACE),Elementary,Grade 2,F2F,Arabic Language,Ustadh Obaydah,45
1,"Tuesday, September 2, 2026",1,07:30 AM – 08:30 AM,GRADE 2 (FACE TO FACE),Elementary,Grade 2,F2F,Filipino,Teacher Sitti,45
2,"Wednesday, September 3, 2026",1,07:30 AM – 08:30 AM,GRADE 2 (FACE TO FACE),Elementary,Grade 2,F2F,SHAF,Ustadh Ersahad,45
2,"Wednesday, September 3, 2026",1,12:30 PM – 01:30 PM,GRADE 2 - TALHA IBN UBAYDULLAH (1ST SHIFT),Elementary,Grade 2,ODL - 1ST SHIFT,GMRC / Values,Ustadha Saliha,45
1,"Tuesday, September 2, 2026",2,01:45 PM – 02:45 PM,GRADE 2 - TALHA IBN UBAYDULLAH (1ST SHIFT),Elementary,Grade 2,ODL - 1ST SHIFT,English,Teacher Marham,45
2,"Wednesday, September 3, 2026",3,02:45 PM – 03:30 PM,GRADE 2 - TALHA IBN UBAYDULLAH (1ST SHIFT),Elementary,Grade 2,ODL - 1ST SHIFT,Filipino,Teacher Sitti,45
1,"Tuesday, September 2, 2026",1,12:30 PM – 01:30 PM,GRADE 2 - TALHA IBN UBAYDULLAH (1ST SHIFT),Elementary,Grade 2,ODL - 1ST SHIFT,Mathematics,Teacher Sitti,45
4,"Sunday, September 7, 2026",3,02:45 PM – 03:30 PM,GRADE 2 - TALHA IBN UBAYDULLAH (1ST SHIFT),Elementary,Grade 2,ODL - 1ST SHIFT,Arabic Language,Ustadh Hainur,45
4,"Sunday, September 7, 2026",2,01:45 PM – 02:45 PM,GRADE 2 - TALHA IBN UBAYDULLAH (1ST SHIFT),Elementary,Grade 2,ODL - 1ST SHIFT,SHAF,Alim Abdul Karim,45
2,"Wednesday, September 3, 2026",2,01:45 PM – 02:45 PM,GRADE 2 - TALHA IBN UBAYDULLAH (1ST SHIFT),Elementary,Grade 2,ODL - 1ST SHIFT,Makabansa,Teacher Zuhora,45
1,"Tuesday, September 2, 2026",3,02:45 PM – 03:30 PM,GRADE 2 - TALHA IBN UBAYDULLAH (1ST SHIFT),Elementary,Grade 2,ODL - 1ST SHIFT,Qur'an,Ustadh Obaydah,45
3,"Saturday, September 6, 2026",2,01:45 PM – 02:45 PM,GRADE 2 - AMR IBN AL-JAMUH (1ST SHIFT),Elementary,Grade 2,ODL - 1ST SHIFT,SHAF,Alim Abdul Karim,45
4,"Sunday, September 7, 2026",2,01:45 PM – 02:45 PM,GRADE 2 - AMR IBN AL-JAMUH (1ST SHIFT),Elementary,Grade 2,ODL - 1ST SHIFT,GMRC / Values,Ustadha Saliha,45
1,"Tuesday, September 2, 2026",3,02:45 PM – 03:30 PM,GRADE 2 - AMR IBN AL-JAMUH (1ST SHIFT),Elementary,Grade 2,ODL - 1ST SHIFT,Qur'an,Ustadh Obaydah,45
2,"Wednesday, September 3, 2026",1,12:30 PM – 01:30 PM,GRADE 2 - AMR IBN AL-JAMUH (1ST SHIFT),Elementary,Grade 2,ODL - 1ST SHIFT,English,Teacher Marham,45
4,"Sunday, September 7, 2026",1,12:30 PM – 01:30 PM,GRADE 2 - AMR IBN AL-JAMUH (1ST SHIFT),Elementary,Grade 2,ODL - 1ST SHIFT,Makabansa,Teacher Monisa,45
3,"Saturday, September 6, 2026",1,12:30 PM – 01:30 PM,GRADE 2 - AMR IBN AL-JAMUH (1ST SHIFT),Elementary,Grade 2,ODL - 1ST SHIFT,Filipino,Teacher Sitti,45
3,"Saturday, September 6, 2026",3,02:45 PM – 03:30 PM,GRADE 2 - AMR IBN AL-JAMUH (1ST SHIFT),Elementary,Grade 2,ODL - 1ST SHIFT,Mathematics,Teacher Sitti,45
4,"Sunday, September 7, 2026",3,02:45 PM – 03:30 PM,GRADE 2 - AMR IBN AL-JAMUH (1ST SHIFT),Elementary,Grade 2,ODL - 1ST SHIFT,Arabic Language,Ustadh Hainur,45
3,"Saturday, September 6, 2026",3,05:45 PM – 06:45 PM,GRADE 2 - SAEED IBN ZAYD (2ND SHIFT),Elementary,Grade 2,ODL - 2ND SHIFT,Mathematics,Teacher Sitti,45
1,"Tuesday, September 2, 2026",1,03:30 PM – 04:30 PM,GRADE 2 - SAEED IBN ZAYD (2ND SHIFT),Elementary,Grade 2,ODL - 2ND SHIFT,GMRC / Values,Ustadha Saliha,45
2,"Wednesday, September 3, 2026",2,04:45 PM – 05:45 PM,GRADE 2 - SAEED IBN ZAYD (2ND SHIFT),Elementary,Grade 2,ODL - 2ND SHIFT,English,Teacher Marham,45
2,"Wednesday, September 3, 2026",3,05:45 PM – 06:45 PM,GRADE 2 - SAEED IBN ZAYD (2ND SHIFT),Elementary,Grade 2,ODL - 2ND SHIFT,Arabic Language,Ustadh Hainur,45
2,"Wednesday, September 3, 2026",1,03:30 PM – 04:30 PM,GRADE 2 - SAEED IBN ZAYD (2ND SHIFT),Elementary,Grade 2,ODL - 2ND SHIFT,Filipino,Teacher Zuhora,45
4,"Sunday, September 7, 2026",3,05:45 PM – 06:45 PM,GRADE 2 - SAEED IBN ZAYD (2ND SHIFT),Elementary,Grade 2,ODL - 2ND SHIFT,Makabansa,Teacher Monisa,45
4,"Sunday, September 7, 2026",2,04:45 PM – 05:45 PM,GRADE 2 - SAEED IBN ZAYD (2ND SHIFT),Elementary,Grade 2,ODL - 2ND SHIFT,SHAF,Alim Abdul Karim,45
1,"Tuesday, September 2, 2026",3,05:45 PM – 06:45 PM,GRADE 2 - SAEED IBN ZAYD (2ND SHIFT),Elementary,Grade 2,ODL - 2ND SHIFT,Qur'an,Ustadh Obaydah,45
1,"Tuesday, September 2, 2026",3,05:45 PM – 06:45 PM,GRADE 2 - AASIM IBN THABIT (2ND SHIFT),Elementary,Grade 2,ODL - 2ND SHIFT,GMRC / Values,Ustadha Saliha,45
2,"Wednesday, September 3, 2026",1,03:30 PM – 04:30 PM,GRADE 2 - AASIM IBN THABIT (2ND SHIFT),Elementary,Grade 2,ODL - 2ND SHIFT,Mathematics,Teacher Sitti,45
2,"Wednesday, September 3, 2026",3,05:45 PM – 06:45 PM,GRADE 2 - AASIM IBN THABIT (2ND SHIFT),Elementary,Grade 2,ODL - 2ND SHIFT,Arabic Language,Ustadh Hainur,45
4,"Sunday, September 7, 2026",2,04:45 PM – 05:45 PM,GRADE 2 - AASIM IBN THABIT (2ND SHIFT),Elementary,Grade 2,ODL - 2ND SHIFT,SHAF,Alim Abdul Karim,45
3,"Saturday, September 6, 2026",1,03:30 PM – 04:30 PM,GRADE 2 - AASIM IBN THABIT (2ND SHIFT),Elementary,Grade 2,ODL - 2ND SHIFT,Makabansa,Teacher Monisa,45
3,"Saturday, September 6, 2026",3,05:45 PM – 06:45 PM,GRADE 2 - AASIM IBN THABIT (2ND SHIFT),Elementary,Grade 2,ODL - 2ND SHIFT,Qur'an,Ustadh Obaydah,45
4,"Sunday, September 7, 2026",1,03:30 PM – 04:30 PM,GRADE 2 - AASIM IBN THABIT (2ND SHIFT),Elementary,Grade 2,ODL - 2ND SHIFT,English,Teacher Marham,45
2,"Wednesday, September 3, 2026",2,04:45 PM – 05:45 PM,GRADE 2 - AASIM IBN THABIT (2ND SHIFT),Elementary,Grade 2,ODL - 2ND SHIFT,Filipino,Teacher Sitti,45
4,"Sunday, September 7, 2026",1,07:30 AM – 08:30 AM,GRADE 3 (FACE TO FACE),Elementary,Grade 3,F2F,Science,Teacher Jerlyn,45
2,"Wednesday, September 3, 2026",2,08:45 AM – 09:45 AM,GRADE 3 (FACE TO FACE),Elementary,Grade 3,F2F,Makabansa,Teacher Wendy,45
4,"Sunday, September 7, 2026",2,08:45 AM – 09:45 AM,GRADE 3 (FACE TO FACE),Elementary,Grade 3,F2F,English,Teacher Marham,45
2,"Wednesday, September 3, 2026",3,10:00 AM – 11:00 AM,GRADE 3 (FACE TO FACE),Elementary,Grade 3,F2F,Filipino,Tchr. Normayla,45
3,"Saturday, September 6, 2026",2,08:45 AM – 09:45 AM,GRADE 3 (FACE TO FACE),Elementary,Grade 3,F2F,GMRC / Values,Ustadha Saliha,45
2,"Wednesday, September 3, 2026",1,07:30 AM – 08:30 AM,GRADE 3 (FACE TO FACE),Elementary,Grade 3,F2F,HG,Teacher Jerlyn,45
4,"Sunday, September 7, 2026",3,10:00 AM – 11:00 AM,GRADE 3 (FACE TO FACE),Elementary,Grade 3,F2F,SHAF,Ustadh Ersahad,45
3,"Saturday, September 6, 2026",1,07:30 AM – 08:30 AM,GRADE 3 (FACE TO FACE),Elementary,Grade 3,F2F,Arabic Language,Ustadha Silfah,45
1,"Tuesday, September 2, 2026",1,07:30 AM – 08:30 AM,GRADE 3 (FACE TO FACE),Elementary,Grade 3,F2F,Qur'an,Ustadh Obaydah,45
3,"Saturday, September 6, 2026",3,10:00 AM – 11:00 AM,GRADE 3 (FACE TO FACE),Elementary,Grade 3,F2F,Mathematics,Teacher Jerlyn,45
3,"Saturday, September 6, 2026",3,02:45 PM – 03:30 PM,Grade 3 - HABIB IBN ZAYD AL-ANSARI (1ST SHIFT) - GIRLS,Elementary,Grade 3,ODL - 1ST SHIFT,Science,Teacher Jerlyn,45
4,"Sunday, September 7, 2026",2,01:45 PM – 02:45 PM,Grade 3 - HABIB IBN ZAYD AL-ANSARI (1ST SHIFT) - GIRLS,Elementary,Grade 3,ODL - 1ST SHIFT,Mathematics,Teacher Jerlyn,45
1,"Tuesday, September 2, 2026",3,02:45 PM – 03:30 PM,Grade 3 - HABIB IBN ZAYD AL-ANSARI (1ST SHIFT) - GIRLS,Elementary,Grade 3,ODL - 1ST SHIFT,GMRC / Values,Ustadha Silfah,45
3,"Saturday, September 6, 2026",2,01:45 PM – 02:45 PM,Grade 3 - HABIB IBN ZAYD AL-ANSARI (1ST SHIFT) - GIRLS,Elementary,Grade 3,ODL - 1ST SHIFT,Arabic Language,Ustadha Silfah,45
2,"Wednesday, September 3, 2026",3,02:45 PM – 03:30 PM,Grade 3 - HABIB IBN ZAYD AL-ANSARI (1ST SHIFT) - GIRLS,Elementary,Grade 3,ODL - 1ST SHIFT,English,Teacher Marham,45
2,"Wednesday, September 3, 2026",2,01:45 PM – 02:45 PM,Grade 3 - HABIB IBN ZAYD AL-ANSARI (1ST SHIFT) - GIRLS,Elementary,Grade 3,ODL - 1ST SHIFT,Makabansa,Teacher Zara,45
4,"Sunday, September 7, 2026",3,02:45 PM – 03:30 PM,Grade 3 - HABIB IBN ZAYD AL-ANSARI (1ST SHIFT) - GIRLS,Elementary,Grade 3,ODL - 1ST SHIFT,Qur'an,Ustadh Obaydah,45
2,"Wednesday, September 3, 2026",1,12:30 PM – 01:30 PM,Grade 3 - HABIB IBN ZAYD AL-ANSARI (1ST SHIFT) - GIRLS,Elementary,Grade 3,ODL - 1ST SHIFT,SHAF,Alim Abdul Karim,45
1,"Tuesday, September 2, 2026",1,12:30 PM – 01:30 PM,Grade 3 - HABIB IBN ZAYD AL-ANSARI (1ST SHIFT) - GIRLS,Elementary,Grade 3,ODL - 1ST SHIFT,Filipino,Tchr. Normayla,45
3,"Saturday, September 6, 2026",1,12:30 PM – 01:30 PM,GRADE 3 -AMMAR IBN YASIR (1ST SHIFT) - BOYS,Elementary,Grade 3,ODL - 1ST SHIFT,Qur'an,Ustadh Obaydah,45
2,"Wednesday, September 3, 2026",1,12:30 PM – 01:30 PM,GRADE 3 -AMMAR IBN YASIR (1ST SHIFT) - BOYS,Elementary,Grade 3,ODL - 1ST SHIFT,SHAF,Ustadh Ersahad,45
2,"Wednesday, September 3, 2026",2,01:45 PM – 02:45 PM,GRADE 3 -AMMAR IBN YASIR (1ST SHIFT) - BOYS,Elementary,Grade 3,ODL - 1ST SHIFT,Filipino,Tchr. Normylah,45
2,"Wednesday, September 3, 2026",3,02:45 PM – 03:30 PM,GRADE 3 -AMMAR IBN YASIR (1ST SHIFT) - BOYS,Elementary,Grade 3,ODL - 1ST SHIFT,Science,Teacher Jerlyn,45
4,"Sunday, September 7, 2026",2,01:45 PM – 02:45 PM,GRADE 3 -AMMAR IBN YASIR (1ST SHIFT) - BOYS,Elementary,Grade 3,ODL - 1ST SHIFT,Mathematics,Teacher Jerlyn,45
1,"Tuesday, September 2, 2026",3,02:45 PM – 03:30 PM,GRADE 3 -AMMAR IBN YASIR (1ST SHIFT) - BOYS,Elementary,Grade 3,ODL - 1ST SHIFT,GMRC / Values,Ustadha Silfah,45
1,"Tuesday, September 2, 2026",2,01:45 PM – 02:45 PM,GRADE 3 -AMMAR IBN YASIR (1ST SHIFT) - BOYS,Elementary,Grade 3,ODL - 1ST SHIFT,Arabic Language,Ustadha Silfah,45
4,"Sunday, September 7, 2026",3,02:45 PM – 03:30 PM,GRADE 3 -AMMAR IBN YASIR (1ST SHIFT) - BOYS,Elementary,Grade 3,ODL - 1ST SHIFT,English,Teacher Marham,45
3,"Saturday, September 6, 2026",2,01:45 PM – 02:45 PM,GRADE 3 -AMMAR IBN YASIR (1ST SHIFT) - BOYS,Elementary,Grade 3,ODL - 1ST SHIFT,Makabansa,Teacher Zara,45
3,"Saturday, September 6, 2026",1,03:30 PM – 04:30 PM,GRADE 3 - ZAYD IBN HARITHA (2ND SHIFT) - GIRLS,Elementary,Grade 3,ODL - 2ND SHIFT,Arabic Language,Ustadha Silfah,45
1,"Tuesday, September 2, 2026",3,05:45 PM – 06:45 PM,GRADE 3 - ZAYD IBN HARITHA (2ND SHIFT) - GIRLS,Elementary,Grade 3,ODL - 2ND SHIFT,English,Teacher Marham,45
4,"Sunday, September 7, 2026",2,04:45 PM – 05:45 PM,GRADE 3 - ZAYD IBN HARITHA (2ND SHIFT) - GIRLS,Elementary,Grade 3,ODL - 2ND SHIFT,GMRC / Values,Ustadha Silfah,45
2,"Wednesday, September 3, 2026",3,05:45 PM – 06:45 PM,GRADE 3 - ZAYD IBN HARITHA (2ND SHIFT) - GIRLS,Elementary,Grade 3,ODL - 2ND SHIFT,SHAF,Ustadh Ersahad,45
3,"Saturday, September 6, 2026",2,04:45 PM – 05:45 PM,GRADE 3 - ZAYD IBN HARITHA (2ND SHIFT) - GIRLS,Elementary,Grade 3,ODL - 2ND SHIFT,Qur'an,Ustadh Obaydah,45
1,"Tuesday, September 2, 2026",2,04:45 PM – 05:45 PM,GRADE 3 - ZAYD IBN HARITHA (2ND SHIFT) - GIRLS,Elementary,Grade 3,ODL - 2ND SHIFT,Science,Teacher Jerlyn,45
1,"Tuesday, September 2, 2026",1,03:30 PM – 04:30 PM,GRADE 3 - ZAYD IBN HARITHA (2ND SHIFT) - GIRLS,Elementary,Grade 3,ODL - 2ND SHIFT,Mathematics,Teacher Jerlyn,45
4,"Sunday, September 7, 2026",1,03:30 PM – 04:30 PM,GRADE 3 - ZAYD IBN HARITHA (2ND SHIFT) - GIRLS,Elementary,Grade 3,ODL - 2ND SHIFT,Makabansa,Teacher Zara,45
2,"Wednesday, September 3, 2026",1,03:30 PM – 04:30 PM,GRADE 3 - ZAYD IBN HARITHA (2ND SHIFT) - GIRLS,Elementary,Grade 3,ODL - 2ND SHIFT,Filipino,Tchr. Normylah,45
3,"Saturday, September 6, 2026",3,05:45 PM – 06:45 PM,GRADE 3 - THABIT IBN QAYS (2ND SHIFT) - BOYS,Elementary,Grade 3,ODL - 2ND SHIFT,SHAF,Ustadh Ersahad,45
2,"Wednesday, September 3, 2026",1,03:30 PM – 04:30 PM,GRADE 3 - THABIT IBN QAYS (2ND SHIFT) - BOYS,Elementary,Grade 3,ODL - 2ND SHIFT,GMRC / Values,Ustadha Silfah,45
3,"Saturday, September 6, 2026",2,04:45 PM – 05:45 PM,GRADE 3 - THABIT IBN QAYS (2ND SHIFT) - BOYS,Elementary,Grade 3,ODL - 2ND SHIFT,Makabansa,Teacher Zara,45
2,"Wednesday, September 3, 2026",3,05:45 PM – 06:45 PM,GRADE 3 - THABIT IBN QAYS (2ND SHIFT) - BOYS,Elementary,Grade 3,ODL - 2ND SHIFT,Arabic Language,Ustadha Silfah,45
1,"Tuesday, September 2, 2026",3,05:45 PM – 06:45 PM,GRADE 3 - THABIT IBN QAYS (2ND SHIFT) - BOYS,Elementary,Grade 3,ODL - 2ND SHIFT,English,Teacher Marham,45
4,"Sunday, September 7, 2026",3,05:45 PM – 06:45 PM,GRADE 3 - THABIT IBN QAYS (2ND SHIFT) - BOYS,Elementary,Grade 3,ODL - 2ND SHIFT,Filipino,Tchr. Normylah,45
1,"Tuesday, September 2, 2026",2,04:45 PM – 05:45 PM,GRADE 3 - THABIT IBN QAYS (2ND SHIFT) - BOYS,Elementary,Grade 3,ODL - 2ND SHIFT,Qur'an,Ustadh Obaydah,45
4,"Sunday, September 7, 2026",1,03:30 PM – 04:30 PM,GRADE 3 - THABIT IBN QAYS (2ND SHIFT) - BOYS,Elementary,Grade 3,ODL - 2ND SHIFT,Science,Teacher Jerlyn,45
4,"Sunday, September 7, 2026",2,04:45 PM – 05:45 PM,GRADE 3 - THABIT IBN QAYS (2ND SHIFT) - BOYS,Elementary,Grade 3,ODL - 2ND SHIFT,Mathematics,Teacher Jerlyn,45
4,"Sunday, September 7, 2026",1,12:30 PM – 01:30 PM,GRADE 4 - USAYD IBN HUDHAYR (1ST SHIFT) - MIX,Elementary,Grade 4,ODL - 1ST SHIFT,Qur'an,Ustadh Faidh,45
3,"Saturday, September 6, 2026",2,01:45 PM – 02:45 PM,GRADE 4 - USAYD IBN HUDHAYR (1ST SHIFT) - MIX,Elementary,Grade 4,ODL - 1ST SHIFT,Mathematics,Saimona,45
3,"Saturday, September 6, 2026",1,12:30 PM – 01:30 PM,GRADE 4 - USAYD IBN HUDHAYR (1ST SHIFT) - MIX,Elementary,Grade 4,ODL - 1ST SHIFT,Fil4,Teacher Zuhora,45
1,"Tuesday, September 2, 2026",2,01:45 PM – 02:45 PM,GRADE 4 - USAYD IBN HUDHAYR (1ST SHIFT) - MIX,Elementary,Grade 4,ODL - 1ST SHIFT,Araling Panlipunan (AP),Teacher Monisa,45
2,"Wednesday, September 3, 2026",1,12:30 PM – 01:30 PM,GRADE 4 - USAYD IBN HUDHAYR (1ST SHIFT) - MIX,Elementary,Grade 4,ODL - 1ST SHIFT,Arabic Language,Ustadh Ali,45
4,"Sunday, September 7, 2026",2,01:45 PM – 02:45 PM,GRADE 4 - USAYD IBN HUDHAYR (1ST SHIFT) - MIX,Elementary,Grade 4,ODL - 1ST SHIFT,SHAF4,Abdi,45
4,"Sunday, September 7, 2026",3,02:45 PM – 03:30 PM,GRADE 4 - USAYD IBN HUDHAYR (1ST SHIFT) - MIX,Elementary,Grade 4,ODL - 1ST SHIFT,GMRC / Values,Sahdia,45
3,"Saturday, September 6, 2026",3,02:45 PM – 03:30 PM,GRADE 4 - USAYD IBN HUDHAYR (1ST SHIFT) - MIX,Elementary,Grade 4,ODL - 1ST SHIFT,Eng4,Teacher Jenny,45
1,"Tuesday, September 2, 2026",1,12:30 PM – 01:30 PM,GRADE 4 - USAYD IBN HUDHAYR (1ST SHIFT) - MIX,Elementary,Grade 4,ODL - 1ST SHIFT,Science,Saimona,45
2,"Wednesday, September 3, 2026",2,01:45 PM – 02:45 PM,GRADE 4 - USAYD IBN HUDHAYR (1ST SHIFT) - MIX,Elementary,Grade 4,ODL - 1ST SHIFT,TLE / TVL,Teacher Jenny,45
1,"Tuesday, September 2, 2026",3,02:45 PM – 03:30 PM,GRADE 3 - SALMAN AL FARSI (1ST SHIFT) MIX,Elementary,Grade 3,ODL - 1ST SHIFT,Eng3,Teacher Jenny,45
4,"Sunday, September 7, 2026",2,01:45 PM – 02:45 PM,GRADE 3 - SALMAN AL FARSI (1ST SHIFT) MIX,Elementary,Grade 3,ODL - 1ST SHIFT,Fil3,Teacher Jenny,45
2,"Wednesday, September 3, 2026",3,02:45 PM – 03:30 PM,GRADE 3 - SALMAN AL FARSI (1ST SHIFT) MIX,Elementary,Grade 3,ODL - 1ST SHIFT,SHAF3,Ustadh Faidh,45
3,"Saturday, September 6, 2026",3,02:45 PM – 03:30 PM,GRADE 3 - SALMAN AL FARSI (1ST SHIFT) MIX,Elementary,Grade 3,ODL - 1ST SHIFT,GMRC / Values,Teacher Zuhora,45
2,"Wednesday, September 3, 2026",1,12:30 PM – 01:30 PM,GRADE 3 - SALMAN AL FARSI (1ST SHIFT) MIX,Elementary,Grade 3,ODL - 1ST SHIFT,Science,Tchr. Saimona,45
2,"Wednesday, September 3, 2026",2,01:45 PM – 02:45 PM,GRADE 3 - SALMAN AL FARSI (1ST SHIFT) MIX,Elementary,Grade 3,ODL - 1ST SHIFT,Qur'an,Ustadh Obaydah,45
3,"Saturday, September 6, 2026",1,12:30 PM – 01:30 PM,GRADE 3 - SALMAN AL FARSI (1ST SHIFT) MIX,Elementary,Grade 3,ODL - 1ST SHIFT,Mathematics,Teacher Jerlyn,45
3,"Saturday, September 6, 2026",2,01:45 PM – 02:45 PM,GRADE 3 - SALMAN AL FARSI (1ST SHIFT) MIX,Elementary,Grade 3,ODL - 1ST SHIFT,Makabansa,Teacher Jenny,45
1,"Tuesday, September 2, 2026",1,12:30 PM – 01:30 PM,GRADE 3 - SALMAN AL FARSI (1ST SHIFT) MIX,Elementary,Grade 3,ODL - 1ST SHIFT,Arabic Language,Ustadh Faidh,45
3,"Saturday, September 6, 2026",3,05:45 PM – 06:45 PM,GRADE 3 - AS'AD IBN ZURARAH (2ND SHIFT) MIX,Elementary,Grade 3,ODL - 2ND SHIFT,Mathematics,Teacher Jerlyn,45
2,"Wednesday, September 3, 2026",2,04:45 PM – 05:45 PM,GRADE 3 - AS'AD IBN ZURARAH (2ND SHIFT) MIX,Elementary,Grade 3,ODL - 2ND SHIFT,Fil3,Teacher Jenny,45
4,"Sunday, September 7, 2026",1,03:30 PM – 04:30 PM,GRADE 3 - AS'AD IBN ZURARAH (2ND SHIFT) MIX,Elementary,Grade 3,ODL - 2ND SHIFT,Arabic Language,Ustadh Faidh,45
3,"Saturday, September 6, 2026",1,03:30 PM – 04:30 PM,GRADE 3 - AS'AD IBN ZURARAH (2ND SHIFT) MIX,Elementary,Grade 3,ODL - 2ND SHIFT,GMRC / Values,Ustadha Saliha,45
2,"Wednesday, September 3, 2026",1,03:30 PM – 04:30 PM,GRADE 3 - AS'AD IBN ZURARAH (2ND SHIFT) MIX,Elementary,Grade 3,ODL - 2ND SHIFT,English,Teacher Jenny,45
2,"Wednesday, September 3, 2026",3,05:45 PM – 06:45 PM,GRADE 3 - AS'AD IBN ZURARAH (2ND SHIFT) MIX,Elementary,Grade 3,ODL - 2ND SHIFT,SHAF,Ustadh Faidh,45
4,"Sunday, September 7, 2026",3,05:45 PM – 06:45 PM,GRADE 3 - AS'AD IBN ZURARAH (2ND SHIFT) MIX,Elementary,Grade 3,ODL - 2ND SHIFT,Qur'an,Ustadh Obaydah,45
1,"Tuesday, September 2, 2026",1,03:30 PM – 04:30 PM,GRADE 3 - AS'AD IBN ZURARAH (2ND SHIFT) MIX,Elementary,Grade 3,ODL - 2ND SHIFT,Science,Saimona,45
3,"Saturday, September 6, 2026",2,04:45 PM – 05:45 PM,GRADE 3 - AS'AD IBN ZURARAH (2ND SHIFT) MIX,Elementary,Grade 3,ODL - 2ND SHIFT,Makabansa,Teacher Jenny,45
1,"Tuesday, September 2, 2026",2,04:45 PM – 05:45 PM,GRADE 3 - AS'AD IBN ZURARAH (2ND SHIFT) MIX,Elementary,Grade 3,ODL - 2ND SHIFT,Filipino,Teacher Jenny,45
1,"Tuesday, September 2, 2026",2,08:45 AM – 09:45 AM,GRADE 4 (FACE TO FACE),Elementary,Grade 4,F2F,Araling Panlipunan (AP),Teacher Monisa,45
3,"Saturday, September 6, 2026",2,08:45 AM – 09:45 AM,GRADE 4 (FACE TO FACE),Elementary,Grade 4,F2F,TLE / TVL,Teacher Monisa,45
4,"Sunday, September 7, 2026",3,10:00 AM – 11:00 AM,GRADE 4 (FACE TO FACE),Elementary,Grade 4,F2F,Mathematics,Teacher Arvin,45
3,"Saturday, September 6, 2026",1,07:30 AM – 08:30 AM,GRADE 4 (FACE TO FACE),Elementary,Grade 4,F2F,SHAF,Ustadh Abdiraheem,45
3,"Saturday, September 6, 2026",3,10:00 AM – 11:00 AM,GRADE 4 (FACE TO FACE),Elementary,Grade 4,F2F,GMRC / Values,Tchr. Sahdia,45
4,"Sunday, September 7, 2026",1,07:30 AM – 08:30 AM,GRADE 4 (FACE TO FACE),Elementary,Grade 4,F2F,Science,Teacher Junaisa,45
2,"Wednesday, September 3, 2026",2,08:45 AM – 09:45 AM,GRADE 4 (FACE TO FACE),Elementary,Grade 4,F2F,Filipino,Teacher Norhydie,45
4,"Sunday, September 7, 2026",2,08:45 AM – 09:45 AM,GRADE 4 (FACE TO FACE),Elementary,Grade 4,F2F,Arabic Language,Ustadh Ali,45
1,"Tuesday, September 2, 2026",3,10:00 AM – 11:00 AM,GRADE 4 (FACE TO FACE),Elementary,Grade 4,F2F,Qur'an,Ustadh Obaydah,45
2,"Wednesday, September 3, 2026",3,10:00 AM – 11:00 AM,GRADE 4 (FACE TO FACE),Elementary,Grade 4,F2F,HG,Teacher Monisa,45
2,"Wednesday, September 3, 2026",1,07:30 AM – 08:30 AM,GRADE 4 (FACE TO FACE),Elementary,Grade 4,F2F,English,Teacher Norhydie,45
2,"Wednesday, September 3, 2026",1,12:30 PM – 01:30 PM,GRADE 4 - ABDUR RAHMAN IBN AWF (1ST SHIFT),Elementary,Grade 4,ODL - 1ST SHIFT,Araling Panlipunan (AP),Teacher Monisa,45
2,"Wednesday, September 3, 2026",2,01:45 PM – 02:45 PM,GRADE 4 - ABDUR RAHMAN IBN AWF (1ST SHIFT),Elementary,Grade 4,ODL - 1ST SHIFT,Mathematics,Teacher Arvin,45
4,"Sunday, September 7, 2026",2,01:45 PM – 02:45 PM,GRADE 4 - ABDUR RAHMAN IBN AWF (1ST SHIFT),Elementary,Grade 4,ODL - 1ST SHIFT,TLE / TVL,Teacher Monisa,45
4,"Sunday, September 7, 2026",3,02:45 PM – 03:30 PM,GRADE 4 - ABDUR RAHMAN IBN AWF (1ST SHIFT),Elementary,Grade 4,ODL - 1ST SHIFT,GMRC / Values,Tchr. Sahdia,45
1,"Tuesday, September 2, 2026",1,12:30 PM – 01:30 PM,GRADE 4 - ABDUR RAHMAN IBN AWF (1ST SHIFT),Elementary,Grade 4,ODL - 1ST SHIFT,SHAF,Ustadh Abdiraheem,45
1,"Tuesday, September 2, 2026",3,02:45 PM – 03:30 PM,GRADE 4 - ABDUR RAHMAN IBN AWF (1ST SHIFT),Elementary,Grade 4,ODL - 1ST SHIFT,Arabic Language,Ustadh Ali,45
4,"Sunday, September 7, 2026",1,12:30 PM – 01:30 PM,GRADE 4 - ABDUR RAHMAN IBN AWF (1ST SHIFT),Elementary,Grade 4,ODL - 1ST SHIFT,Qur'an,Ustadh Obaydah,45
3,"Saturday, September 6, 2026",1,12:30 PM – 01:30 PM,GRADE 4 - ABDUR RAHMAN IBN AWF (1ST SHIFT),Elementary,Grade 4,ODL - 1ST SHIFT,English,Teacher Arvin,45
3,"Saturday, September 6, 2026",2,01:45 PM – 02:45 PM,GRADE 4 - ABDUR RAHMAN IBN AWF (1ST SHIFT),Elementary,Grade 4,ODL - 1ST SHIFT,Science,Tchr. Anna,45
2,"Wednesday, September 3, 2026",3,02:45 PM – 03:30 PM,GRADE 4 - ABDUR RAHMAN IBN AWF (1ST SHIFT),Elementary,Grade 4,ODL - 1ST SHIFT,FIL,Teacher Monisa,45
3,"Saturday, September 6, 2026",1,12:30 PM – 01:30 PM,GRADE 4 - HAKIM IBN HAZM(1ST SHIFT),Elementary,Grade 4,ODL - 1ST SHIFT,English,Teacher Arvin,45
4,"Sunday, September 7, 2026",3,02:45 PM – 03:30 PM,GRADE 4 - HAKIM IBN HAZM(1ST SHIFT),Elementary,Grade 4,ODL - 1ST SHIFT,Science,Tchr. Anna,45
3,"Saturday, September 6, 2026",2,01:45 PM – 02:45 PM,GRADE 4 - HAKIM IBN HAZM(1ST SHIFT),Elementary,Grade 4,ODL - 1ST SHIFT,Araling Panlipunan (AP),Teacher Monisa,45
2,"Wednesday, September 3, 2026",3,02:45 PM – 03:30 PM,GRADE 4 - HAKIM IBN HAZM(1ST SHIFT),Elementary,Grade 4,ODL - 1ST SHIFT,FIL,Teacher Monisa,45
2,"Wednesday, September 3, 2026",2,01:45 PM – 02:45 PM,GRADE 4 - HAKIM IBN HAZM(1ST SHIFT),Elementary,Grade 4,ODL - 1ST SHIFT,Mathematics,Teacher Arvin,45
1,"Tuesday, September 2, 2026",1,12:30 PM – 01:30 PM,GRADE 4 - HAKIM IBN HAZM(1ST SHIFT),Elementary,Grade 4,ODL - 1ST SHIFT,TLE / TVL,Teacher Monisa,45
1,"Tuesday, September 2, 2026",2,01:45 PM – 02:45 PM,GRADE 4 - HAKIM IBN HAZM(1ST SHIFT),Elementary,Grade 4,ODL - 1ST SHIFT,Arabic Language,Ustadh Ali,45
4,"Sunday, September 7, 2026",1,12:30 PM – 01:30 PM,GRADE 4 - HAKIM IBN HAZM(1ST SHIFT),Elementary,Grade 4,ODL - 1ST SHIFT,SHAF,Ustadh Abdiraheem,45
3,"Saturday, September 6, 2026",3,02:45 PM – 03:30 PM,GRADE 4 - HAKIM IBN HAZM(1ST SHIFT),Elementary,Grade 4,ODL - 1ST SHIFT,Qur'an,Ustadh Obaydah,45
2,"Wednesday, September 3, 2026",1,12:30 PM – 01:30 PM,GRADE 4 - HAKIM IBN HAZM(1ST SHIFT),Elementary,Grade 4,ODL - 1ST SHIFT,GMRC / Values,Tchr. Sahdia,45
4,"Sunday, September 7, 2026",3,05:45 PM – 06:45 PM,GRADE 4 - AZ ZUBAIR IBN AL AWWAAM (2ND SHIFT),Elementary,Grade 4,ODL - 2ND SHIFT,Filipino,Teacher Norhydie,45
1,"Tuesday, September 2, 2026",3,05:45 PM – 06:45 PM,GRADE 4 - AZ ZUBAIR IBN AL AWWAAM (2ND SHIFT),Elementary,Grade 4,ODL - 2ND SHIFT,Mathematics,Teacher Arvin,45
3,"Saturday, September 6, 2026",2,04:45 PM – 05:45 PM,GRADE 4 - AZ ZUBAIR IBN AL AWWAAM (2ND SHIFT),Elementary,Grade 4,ODL - 2ND SHIFT,TLE / TVL,Teacher Monisa,45
2,"Wednesday, September 3, 2026",3,05:45 PM – 06:45 PM,GRADE 4 - AZ ZUBAIR IBN AL AWWAAM (2ND SHIFT),Elementary,Grade 4,ODL - 2ND SHIFT,GMRC / Values,Tchr. Sahdia,45
1,"Tuesday, September 2, 2026",1,03:30 PM – 04:30 PM,GRADE 4 - AZ ZUBAIR IBN AL AWWAAM (2ND SHIFT),Elementary,Grade 4,ODL - 2ND SHIFT,Arabic Language,Ustadh Ali,45
2,"Wednesday, September 3, 2026",2,04:45 PM – 05:45 PM,GRADE 4 - AZ ZUBAIR IBN AL AWWAAM (2ND SHIFT),Elementary,Grade 4,ODL - 2ND SHIFT,Qur'an,Ustadh Obaydah,45
4,"Sunday, September 7, 2026",1,03:30 PM – 04:30 PM,GRADE 4 - AZ ZUBAIR IBN AL AWWAAM (2ND SHIFT),Elementary,Grade 4,ODL - 2ND SHIFT,SHAF,Ustadh Abdiraheem,45
2,"Wednesday, September 3, 2026",1,03:30 PM – 04:30 PM,GRADE 4 - AZ ZUBAIR IBN AL AWWAAM (2ND SHIFT),Elementary,Grade 4,ODL - 2ND SHIFT,Araling Panlipunan (AP),Teacher Halnaisa,45
1,"Tuesday, September 2, 2026",2,04:45 PM – 05:45 PM,GRADE 4 - AZ ZUBAIR IBN AL AWWAAM (2ND SHIFT),Elementary,Grade 4,ODL - 2ND SHIFT,English,Teacher Arvin,45
3,"Saturday, September 6, 2026",1,03:30 PM – 04:30 PM,GRADE 4 - AZ ZUBAIR IBN AL AWWAAM (2ND SHIFT),Elementary,Grade 4,ODL - 2ND SHIFT,Science,Tchr. Anna,45
3,"Saturday, September 6, 2026",2,04:45 PM – 05:45 PM,GRADE 4 - IKRIMAH IBN ABI JAHL (2ND SHIFT),Elementary,Grade 4,ODL - 2ND SHIFT,English,Teacher Arvin,45
3,"Saturday, September 6, 2026",1,03:30 PM – 04:30 PM,GRADE 4 - IKRIMAH IBN ABI JAHL (2ND SHIFT),Elementary,Grade 4,ODL - 2ND SHIFT,Science,Tchr. Anna,45
2,"Wednesday, September 3, 2026",1,03:30 PM – 04:30 PM,GRADE 4 - IKRIMAH IBN ABI JAHL (2ND SHIFT),Elementary,Grade 4,ODL - 2ND SHIFT,Araling Panlipunan (AP),Teacher Monisa,45
3,"Saturday, September 6, 2026",3,05:45 PM – 06:45 PM,GRADE 4 - IKRIMAH IBN ABI JAHL (2ND SHIFT),Elementary,Grade 4,ODL - 2ND SHIFT,Filipino,Teacher Norhydie,45
1,"Tuesday, September 2, 2026",3,05:45 PM – 06:45 PM,GRADE 4 - IKRIMAH IBN ABI JAHL (2ND SHIFT),Elementary,Grade 4,ODL - 2ND SHIFT,Mathematics,Teacher Arvin,45
4,"Sunday, September 7, 2026",2,04:45 PM – 05:45 PM,GRADE 4 - IKRIMAH IBN ABI JAHL (2ND SHIFT),Elementary,Grade 4,ODL - 2ND SHIFT,TLE / TVL,Teacher Monisa,45
1,"Tuesday, September 2, 2026",1,03:30 PM – 04:30 PM,GRADE 4 - IKRIMAH IBN ABI JAHL (2ND SHIFT),Elementary,Grade 4,ODL - 2ND SHIFT,Arabic Language,Ustadh Ali,45
2,"Wednesday, September 3, 2026",3,05:45 PM – 06:45 PM,GRADE 4 - IKRIMAH IBN ABI JAHL (2ND SHIFT),Elementary,Grade 4,ODL - 2ND SHIFT,SHAF,Ustadh Abdiraheem,45
2,"Wednesday, September 3, 2026",2,04:45 PM – 05:45 PM,GRADE 4 - IKRIMAH IBN ABI JAHL (2ND SHIFT),Elementary,Grade 4,ODL - 2ND SHIFT,Qur'an,Ustadh Obaydah,45
4,"Sunday, September 7, 2026",1,03:30 PM – 04:30 PM,GRADE 4 - IKRIMAH IBN ABI JAHL (2ND SHIFT),Elementary,Grade 4,ODL - 2ND SHIFT,GMRC / Values,Tchr. Sahdia,45
2,"Wednesday, September 3, 2026",1,03:30 PM – 04:30 PM,GRADE 4 -HASSAN IBN THABIT (2ND SHIFT) - MIX,Elementary,Grade 4,ODL - 2ND SHIFT,Araling Panlipunan (AP),Teacher Monisa,45
1,"Tuesday, September 2, 2026",1,03:30 PM – 04:30 PM,GRADE 4 -HASSAN IBN THABIT (2ND SHIFT) - MIX,Elementary,Grade 4,ODL - 2ND SHIFT,Qur'an,Ustadh Faidh,45
3,"Saturday, September 6, 2026",1,03:30 PM – 04:30 PM,GRADE 4 -HASSAN IBN THABIT (2ND SHIFT) - MIX,Elementary,Grade 4,ODL - 2ND SHIFT,Filipino,Teacher Zuhora,45
1,"Tuesday, September 2, 2026",2,04:45 PM – 05:45 PM,GRADE 4 -HASSAN IBN THABIT (2ND SHIFT) - MIX,Elementary,Grade 4,ODL - 2ND SHIFT,SHAF,Ust. Abdi,45
4,"Sunday, September 7, 2026",2,04:45 PM – 05:45 PM,GRADE 4 -HASSAN IBN THABIT (2ND SHIFT) - MIX,Elementary,Grade 4,ODL - 2ND SHIFT,Mathematics,Tchr. Saimona,45
3,"Saturday, September 6, 2026",3,05:45 PM – 06:45 PM,GRADE 4 -HASSAN IBN THABIT (2ND SHIFT) - MIX,Elementary,Grade 4,ODL - 2ND SHIFT,English,Teacher Arvin,45
4,"Sunday, September 7, 2026",1,03:30 PM – 04:30 PM,GRADE 4 -HASSAN IBN THABIT (2ND SHIFT) - MIX,Elementary,Grade 4,ODL - 2ND SHIFT,Science,Saimona,45
2,"Wednesday, September 3, 2026",3,05:45 PM – 06:45 PM,GRADE 4 -HASSAN IBN THABIT (2ND SHIFT) - MIX,Elementary,Grade 4,ODL - 2ND SHIFT,Arabic Language,Ust Ali,45
4,"Sunday, September 7, 2026",3,05:45 PM – 06:45 PM,GRADE 4 -HASSAN IBN THABIT (2ND SHIFT) - MIX,Elementary,Grade 4,ODL - 2ND SHIFT,TLE / TVL,Teacher Jenny,45
3,"Saturday, September 6, 2026",2,04:45 PM – 05:45 PM,GRADE 4 -HASSAN IBN THABIT (2ND SHIFT) - MIX,Elementary,Grade 4,ODL - 2ND SHIFT,GMRC / Values,Tchr. Sahdia,45
3,"Saturday, September 6, 2026",3,10:00 AM – 11:00 AM,GRADE 5 (FACE TO FACE),Elementary,Grade 5,F2F,English,Tchr. Jessa,45
2,"Wednesday, September 3, 2026",1,07:30 AM – 08:30 AM,GRADE 5 (FACE TO FACE),Elementary,Grade 5,F2F,GMRC / Values,Teacher Jairah,45
3,"Saturday, September 6, 2026",2,08:45 AM – 09:45 AM,GRADE 5 (FACE TO FACE),Elementary,Grade 5,F2F,Qur'an,Ust. Ubaydah,45
4,"Sunday, September 7, 2026",1,07:30 AM – 08:30 AM,GRADE 5 (FACE TO FACE),Elementary,Grade 5,F2F,Araling Panlipunan (AP),Teacher Norhydie,45
2,"Wednesday, September 3, 2026",3,10:00 AM – 11:00 AM,GRADE 5 (FACE TO FACE),Elementary,Grade 5,F2F,Arabic Language,Ustadh Ersahad,45
4,"Sunday, September 7, 2026",3,10:00 AM – 11:00 AM,GRADE 5 (FACE TO FACE),Elementary,Grade 5,F2F,TLE / TVL,Teacher Halnaisa,45
1,"Tuesday, September 2, 2026",1,07:30 AM – 08:30 AM,GRADE 5 (FACE TO FACE),Elementary,Grade 5,F2F,Mathematics,Tchr. Fhairudz,45
4,"Sunday, September 7, 2026",2,08:45 AM – 09:45 AM,GRADE 5 (FACE TO FACE),Elementary,Grade 5,F2F,Science,Teacher Junaisa,45
1,"Tuesday, September 2, 2026",2,08:45 AM – 09:45 AM,GRADE 5 (FACE TO FACE),Elementary,Grade 5,F2F,SHAF,Ustadh Ersahad,45
2,"Wednesday, September 3, 2026",2,08:45 AM – 09:45 AM,GRADE 5 (FACE TO FACE),Elementary,Grade 5,F2F,HG,Tchr. Jessa,45
1,"Tuesday, September 2, 2026",3,10:00 AM – 11:00 AM,GRADE 5 (FACE TO FACE),Elementary,Grade 5,F2F,Filipino,Tchr. Jessa,45
3,"Saturday, September 6, 2026",2,01:45 PM – 02:45 PM,GRADE 5 - HAMZA IBN ABDUL (1ST SHIFT),Elementary,Grade 5,ODL - 1ST SHIFT,SHAF,Ust. Raslina,45
3,"Saturday, September 6, 2026",3,02:45 PM – 03:30 PM,GRADE 5 - HAMZA IBN ABDUL (1ST SHIFT),Elementary,Grade 5,ODL - 1ST SHIFT,Araling Panlipunan (AP),Teacher Monisa,45
4,"Sunday, September 7, 2026",3,02:45 PM – 03:30 PM,GRADE 5 - HAMZA IBN ABDUL (1ST SHIFT),Elementary,Grade 5,ODL - 1ST SHIFT,Filipino,Tchr. Joanna,45
4,"Sunday, September 7, 2026",2,01:45 PM – 02:45 PM,GRADE 5 - HAMZA IBN ABDUL (1ST SHIFT),Elementary,Grade 5,ODL - 1ST SHIFT,GMRC / Values,Teacher Jairah,45
2,"Wednesday, September 3, 2026",1,12:30 PM – 01:30 PM,GRADE 5 - HAMZA IBN ABDUL (1ST SHIFT),Elementary,Grade 5,ODL - 1ST SHIFT,English,Tchr. Jessa,45
1,"Tuesday, September 2, 2026",3,02:45 PM – 03:30 PM,GRADE 5 - HAMZA IBN ABDUL (1ST SHIFT),Elementary,Grade 5,ODL - 1ST SHIFT,Qur'an,Ustadh Jaisam,45
2,"Wednesday, September 3, 2026",2,01:45 PM – 02:45 PM,GRADE 5 - HAMZA IBN ABDUL (1ST SHIFT),Elementary,Grade 5,ODL - 1ST SHIFT,Arabic Language,Alim Abdul Karim,45
3,"Saturday, September 6, 2026",1,12:30 PM – 01:30 PM,GRADE 5 - HAMZA IBN ABDUL (1ST SHIFT),Elementary,Grade 5,ODL - 1ST SHIFT,Science,Tchr. Anna,45
2,"Wednesday, September 3, 2026",3,02:45 PM – 03:30 PM,GRADE 5 - HAMZA IBN ABDUL (1ST SHIFT),Elementary,Grade 5,ODL - 1ST SHIFT,Mathematics,Tchr. Fhairudz,45
1,"Tuesday, September 2, 2026",2,01:45 PM – 02:45 PM,GRADE 5 - HAMZA IBN ABDUL (1ST SHIFT),Elementary,Grade 5,ODL - 1ST SHIFT,TLE / TVL,Tchr. Anna,45
1,"Tuesday, September 2, 2026",3,02:45 PM – 03:30 PM,GRADE 5 - MUHAMMAD IBN MASLAMAH (1ST SHIFT),Elementary,Grade 5,ODL - 1ST SHIFT,English,Tchr. Jessa,45
4,"Sunday, September 7, 2026",2,01:45 PM – 02:45 PM,GRADE 5 - MUHAMMAD IBN MASLAMAH (1ST SHIFT),Elementary,Grade 5,ODL - 1ST SHIFT,SHAF,Ust. Raslina,45
4,"Sunday, September 7, 2026",3,02:45 PM – 03:30 PM,GRADE 5 - MUHAMMAD IBN MASLAMAH (1ST SHIFT),Elementary,Grade 5,ODL - 1ST SHIFT,Filipino,Tchr. Joanna,45
3,"Saturday, September 6, 2026",1,12:30 PM – 01:30 PM,GRADE 5 - MUHAMMAD IBN MASLAMAH (1ST SHIFT),Elementary,Grade 5,ODL - 1ST SHIFT,Science,Tchr. Anna,45
2,"Wednesday, September 3, 2026",2,01:45 PM – 02:45 PM,GRADE 5 - MUHAMMAD IBN MASLAMAH (1ST SHIFT),Elementary,Grade 5,ODL - 1ST SHIFT,Araling Panlipunan (AP),Tchr. Keychell,45
4,"Sunday, September 7, 2026",1,12:30 PM – 01:30 PM,GRADE 5 - MUHAMMAD IBN MASLAMAH (1ST SHIFT),Elementary,Grade 5,ODL - 1ST SHIFT,GMRC / Values,Teacher Jairah,45
3,"Saturday, September 6, 2026",3,02:45 PM – 03:30 PM,GRADE 5 - MUHAMMAD IBN MASLAMAH (1ST SHIFT),Elementary,Grade 5,ODL - 1ST SHIFT,TLE / TVL,Tchr. Anna,45
2,"Wednesday, September 3, 2026",1,12:30 PM – 01:30 PM,GRADE 5 - MUHAMMAD IBN MASLAMAH (1ST SHIFT),Elementary,Grade 5,ODL - 1ST SHIFT,Qur'an,Ustadh Jaisam,45
3,"Saturday, September 6, 2026",2,01:45 PM – 02:45 PM,GRADE 5 - MUHAMMAD IBN MASLAMAH (1ST SHIFT),Elementary,Grade 5,ODL - 1ST SHIFT,Mathematics,Tchr. Fhairudz,45
1,"Tuesday, September 2, 2026",2,01:45 PM – 02:45 PM,GRADE 5 - MUHAMMAD IBN MASLAMAH (1ST SHIFT),Elementary,Grade 5,ODL - 1ST SHIFT,Arabic Language,Alim Abdul Karim,45
2,"Wednesday, September 3, 2026",2,01:45 PM – 02:45 PM,GRADE 5 - AYYASH IBN ABI RABI'AH(1ST SHIFT),Elementary,Grade 5,ODL - 1ST SHIFT,Science,Saimona,45
3,"Saturday, September 6, 2026",3,02:45 PM – 03:30 PM,GRADE 5 - AYYASH IBN ABI RABI'AH(1ST SHIFT),Elementary,Grade 5,ODL - 1ST SHIFT,SHAF5,Ustadh Faidh,45
3,"Saturday, September 6, 2026",1,12:30 PM – 01:30 PM,GRADE 5 - AYYASH IBN ABI RABI'AH(1ST SHIFT),Elementary,Grade 5,ODL - 1ST SHIFT,GMRC / Values,Ustadha Saliha,45
3,"Saturday, September 6, 2026",2,01:45 PM – 02:45 PM,GRADE 5 - AYYASH IBN ABI RABI'AH(1ST SHIFT),Elementary,Grade 5,ODL - 1ST SHIFT,Qur'an,Ustadh Obaydah,45
1,"Tuesday, September 2, 2026",1,12:30 PM – 01:30 PM,GRADE 5 - AYYASH IBN ABI RABI'AH(1ST SHIFT),Elementary,Grade 5,ODL - 1ST SHIFT,Fil5,Teacher Jenny,45
4,"Sunday, September 7, 2026",1,12:30 PM – 01:30 PM,GRADE 5 - AYYASH IBN ABI RABI'AH(1ST SHIFT),Elementary,Grade 5,ODL - 1ST SHIFT,Araling Panlipunan (AP),Saimona,45
2,"Wednesday, September 3, 2026",1,12:30 PM – 01:30 PM,GRADE 5 - AYYASH IBN ABI RABI'AH(1ST SHIFT),Elementary,Grade 5,ODL - 1ST SHIFT,Eng5,Jessa,45
4,"Sunday, September 7, 2026",3,02:45 PM – 03:30 PM,GRADE 5 - AYYASH IBN ABI RABI'AH(1ST SHIFT),Elementary,Grade 5,ODL - 1ST SHIFT,TLE / TVL,Teacher Jenny,45
1,"Tuesday, September 2, 2026",3,02:45 PM – 03:30 PM,GRADE 5 - AYYASH IBN ABI RABI'AH(1ST SHIFT),Elementary,Grade 5,ODL - 1ST SHIFT,Mathematics,Saimona,45
1,"Tuesday, September 2, 2026",2,01:45 PM – 02:45 PM,GRADE 5 - AYYASH IBN ABI RABI'AH(1ST SHIFT),Elementary,Grade 5,ODL - 1ST SHIFT,Arabic Language,Ustadh Faidh,45
1,"Tuesday, September 2, 2026",2,04:45 PM – 05:45 PM,GRADE 5 - MUS'AB IBN ABDUL MUTALIB (2ND SHIFT),Elementary,Grade 5,ODL - 2ND SHIFT,SHAF,Ustadh Hainur,45
1,"Tuesday, September 2, 2026",1,03:30 PM – 04:30 PM,GRADE 5 - MUS'AB IBN ABDUL MUTALIB (2ND SHIFT),Elementary,Grade 5,ODL - 2ND SHIFT,Araling Panlipunan (AP),Teacher Monisa,45
2,"Wednesday, September 3, 2026",1,03:30 PM – 04:30 PM,GRADE 5 - MUS'AB IBN ABDUL MUTALIB (2ND SHIFT),Elementary,Grade 5,ODL - 2ND SHIFT,Filipino,Tchr. Joanna,45
2,"Wednesday, September 3, 2026",3,05:45 PM – 06:45 PM,GRADE 5 - MUS'AB IBN ABDUL MUTALIB (2ND SHIFT),Elementary,Grade 5,ODL - 2ND SHIFT,GMRC / Values,Teacher Jairah,45
2,"Wednesday, September 3, 2026",2,04:45 PM – 05:45 PM,GRADE 5 - MUS'AB IBN ABDUL MUTALIB (2ND SHIFT),Elementary,Grade 5,ODL - 2ND SHIFT,English,Tchr. Jessa,45
3,"Saturday, September 6, 2026",1,03:30 PM – 04:30 PM,GRADE 5 - MUS'AB IBN ABDUL MUTALIB (2ND SHIFT),Elementary,Grade 5,ODL - 2ND SHIFT,Qur'an,Ustadh Jaisam,45
3,"Saturday, September 6, 2026",2,04:45 PM – 05:45 PM,GRADE 5 - MUS'AB IBN ABDUL MUTALIB (2ND SHIFT),Elementary,Grade 5,ODL - 2ND SHIFT,Arabic Language,Ustadh Ersahad,45
1,"Tuesday, September 2, 2026",3,05:45 PM – 06:45 PM,GRADE 5 - MUS'AB IBN ABDUL MUTALIB (2ND SHIFT),Elementary,Grade 5,ODL - 2ND SHIFT,Science,Tchr. Anna,45
4,"Sunday, September 7, 2026",2,04:45 PM – 05:45 PM,GRADE 5 - MUS'AB IBN ABDUL MUTALIB (2ND SHIFT),Elementary,Grade 5,ODL - 2ND SHIFT,Mathematics,Tchr. FAirudz,45
4,"Sunday, September 7, 2026",1,03:30 PM – 04:30 PM,GRADE 5 - MUS'AB IBN ABDUL MUTALIB (2ND SHIFT),Elementary,Grade 5,ODL - 2ND SHIFT,TLE / TVL,Tchr. Anna,45
3,"Saturday, September 6, 2026",3,05:45 PM – 06:45 PM,GRADE 5 - AL HARITH BIN AWF (2ND SHIFT),Elementary,Grade 5,ODL - 2ND SHIFT,English,Tchr. Jessa,45
4,"Sunday, September 7, 2026",2,04:45 PM – 05:45 PM,GRADE 5 - AL HARITH BIN AWF (2ND SHIFT),Elementary,Grade 5,ODL - 2ND SHIFT,SHAF,Ustadh Ersahad,45
2,"Wednesday, September 3, 2026",3,05:45 PM – 06:45 PM,GRADE 5 - AL HARITH BIN AWF (2ND SHIFT),Elementary,Grade 5,ODL - 2ND SHIFT,Filipino,Tchr. Joanna,45
1,"Tuesday, September 2, 2026",1,03:30 PM – 04:30 PM,GRADE 5 - AL HARITH BIN AWF (2ND SHIFT),Elementary,Grade 5,ODL - 2ND SHIFT,Science,Tchr. Anna,45
1,"Tuesday, September 2, 2026",2,04:45 PM – 05:45 PM,GRADE 5 - AL HARITH BIN AWF (2ND SHIFT),Elementary,Grade 5,ODL - 2ND SHIFT,Araling Panlipunan (AP),Teacher Norhydie,45
4,"Sunday, September 7, 2026",1,03:30 PM – 04:30 PM,GRADE 5 - AL HARITH BIN AWF (2ND SHIFT),Elementary,Grade 5,ODL - 2ND SHIFT,GMRC / Values,Teacher Jairah,45
3,"Saturday, September 6, 2026",2,04:45 PM – 05:45 PM,GRADE 5 - AL HARITH BIN AWF (2ND SHIFT),Elementary,Grade 5,ODL - 2ND SHIFT,TLE / TVL,Tchr. Anna,45
4,"Sunday, September 7, 2026",3,05:45 PM – 06:45 PM,GRADE 5 - AL HARITH BIN AWF (2ND SHIFT),Elementary,Grade 5,ODL - 2ND SHIFT,Arabic Language,Ustadh Ersahad,45
3,"Saturday, September 6, 2026",1,03:30 PM – 04:30 PM,GRADE 5 - AL HARITH BIN AWF (2ND SHIFT),Elementary,Grade 5,ODL - 2ND SHIFT,Qur'an,Ustadh Jaisam,45
2,"Wednesday, September 3, 2026",1,03:30 PM – 04:30 PM,GRADE 5 - AL HARITH BIN AWF (2ND SHIFT),Elementary,Grade 5,ODL - 2ND SHIFT,Mathematics,Tchr. Fhairudz,45
1,"Tuesday, September 2, 2026",3,05:45 PM – 06:45 PM,GRADE 5 - JA'FAR IBN ABI TALIB (2ND SHIFT) - MIX,Elementary,Grade 5,ODL - 2ND SHIFT,Araling Panlipunan (AP),Tchr. Saimona,45
2,"Wednesday, September 3, 2026",2,04:45 PM – 05:45 PM,GRADE 5 - JA'FAR IBN ABI TALIB (2ND SHIFT) - MIX,Elementary,Grade 5,ODL - 2ND SHIFT,Mathematics,Tchr. Saimona,45
2,"Wednesday, September 3, 2026",1,03:30 PM – 04:30 PM,GRADE 5 - JA'FAR IBN ABI TALIB (2ND SHIFT) - MIX,Elementary,Grade 5,ODL - 2ND SHIFT,Arabic Language,Ustadh Faidh,45
3,"Saturday, September 6, 2026",3,05:45 PM – 06:45 PM,GRADE 5 - JA'FAR IBN ABI TALIB (2ND SHIFT) - MIX,Elementary,Grade 5,ODL - 2ND SHIFT,Science,Tr. Saimona,45
4,"Sunday, September 7, 2026",1,03:30 PM – 04:30 PM,GRADE 5 - JA'FAR IBN ABI TALIB (2ND SHIFT) - MIX,Elementary,Grade 5,ODL - 2ND SHIFT,Filipino,Teacher Jenny,45
3,"Saturday, September 6, 2026",1,03:30 PM – 04:30 PM,GRADE 5 - JA'FAR IBN ABI TALIB (2ND SHIFT) - MIX,Elementary,Grade 5,ODL - 2ND SHIFT,SHAF 5,Ustadh Faidh,45
4,"Sunday, September 7, 2026",2,04:45 PM – 05:45 PM,GRADE 5 - JA'FAR IBN ABI TALIB (2ND SHIFT) - MIX,Elementary,Grade 5,ODL - 2ND SHIFT,TLE / TVL,Teacher Jenny,45
3,"Saturday, September 6, 2026",2,04:45 PM – 05:45 PM,GRADE 5 - JA'FAR IBN ABI TALIB (2ND SHIFT) - MIX,Elementary,Grade 5,ODL - 2ND SHIFT,GMRC / Values,Ustadha Saliha,45
4,"Sunday, September 7, 2026",3,05:45 PM – 06:45 PM,GRADE 5 - JA'FAR IBN ABI TALIB (2ND SHIFT) - MIX,Elementary,Grade 5,ODL - 2ND SHIFT,SHAF,Ustadh Faidh,45
1,"Tuesday, September 2, 2026",1,03:30 PM – 04:30 PM,GRADE 5 - JA'FAR IBN ABI TALIB (2ND SHIFT) - MIX,Elementary,Grade 5,ODL - 2ND SHIFT,Qur'an,Ustadh Obaydah,45
2,"Wednesday, September 3, 2026",3,05:45 PM – 06:45 PM,GRADE 5 - JA'FAR IBN ABI TALIB (2ND SHIFT) - MIX,Elementary,Grade 5,ODL - 2ND SHIFT,English,Tchr. Jessa,45
2,"Wednesday, September 3, 2026",2,08:45 AM – 09:45 AM,GRADE  6  FACE TO FACE,Elementary,Grade,F2F,Filipino,Tchr. Normylah,45
3,"Saturday, September 6, 2026",2,08:45 AM – 09:45 AM,GRADE  6  FACE TO FACE,Elementary,Grade,F2F,HG,Tchr. Normylah,45
1,"Tuesday, September 2, 2026",1,07:30 AM – 08:30 AM,GRADE  6  FACE TO FACE,Elementary,Grade,F2F,English,Tchr. Jessa,45
2,"Wednesday, September 3, 2026",3,10:00 AM – 11:00 AM,GRADE  6  FACE TO FACE,Elementary,Grade,F2F,Araling Panlipunan (AP),Teacher Zara,45
3,"Saturday, September 6, 2026",1,07:30 AM – 08:30 AM,GRADE  6  FACE TO FACE,Elementary,Grade,F2F,Mathematics,Ustadh Ersahad,45
1,"Tuesday, September 2, 2026",2,08:45 AM – 09:45 AM,GRADE  6  FACE TO FACE,Elementary,Grade,F2F,SHAF,Ust. Abdi,45
3,"Saturday, September 6, 2026",3,10:00 AM – 11:00 AM,GRADE  6  FACE TO FACE,Elementary,Grade,F2F,GMRC / Values,Ustadha Silfah,45
4,"Sunday, September 7, 2026",1,07:30 AM – 08:30 AM,GRADE  6  FACE TO FACE,Elementary,Grade,F2F,TLE / TVL,Teacher Arvin,45
2,"Wednesday, September 3, 2026",1,07:30 AM – 08:30 AM,GRADE  6  FACE TO FACE,Elementary,Grade,F2F,Arabic Language,Ustadh Ali,45
4,"Sunday, September 7, 2026",2,08:45 AM – 09:45 AM,GRADE  6  FACE TO FACE,Elementary,Grade,F2F,Qur'an,Ustadh Faidh,45
4,"Sunday, September 7, 2026",3,10:00 AM – 11:00 AM,GRADE  6  FACE TO FACE,Elementary,Grade,F2F,Science,Tchr. Wendelyn,45
1,"Tuesday, September 2, 2026",3,02:45 PM – 03:30 PM,GRADE 6 - ABDULLAH IBN SALAAM (1ST SHIFT),Elementary,Grade 6,ODL - 1ST SHIFT,Araling Panlipunan (AP),Tchr. Normylah,45
1,"Tuesday, September 2, 2026",1,12:30 PM – 01:30 PM,GRADE 6 - ABDULLAH IBN SALAAM (1ST SHIFT),Elementary,Grade 6,ODL - 1ST SHIFT,English,Tchr. Jessa,45
2,"Wednesday, September 3, 2026",3,02:45 PM – 03:30 PM,GRADE 6 - ABDULLAH IBN SALAAM (1ST SHIFT),Elementary,Grade 6,ODL - 1ST SHIFT,Science,Tchr. Anna,45
2,"Wednesday, September 3, 2026",2,01:45 PM – 02:45 PM,GRADE 6 - ABDULLAH IBN SALAAM (1ST SHIFT),Elementary,Grade 6,ODL - 1ST SHIFT,Mathematics,Teacher Kat,45
4,"Sunday, September 7, 2026",3,02:45 PM – 03:30 PM,GRADE 6 - ABDULLAH IBN SALAAM (1ST SHIFT),Elementary,Grade 6,ODL - 1ST SHIFT,GMRC / Values,Ustadha Silfah,45
2,"Wednesday, September 3, 2026",1,12:30 PM – 01:30 PM,GRADE 6 - ABDULLAH IBN SALAAM (1ST SHIFT),Elementary,Grade 6,ODL - 1ST SHIFT,SHAF,Ust. Abdi,45
3,"Saturday, September 6, 2026",3,02:45 PM – 03:30 PM,GRADE 6 - ABDULLAH IBN SALAAM (1ST SHIFT),Elementary,Grade 6,ODL - 1ST SHIFT,Qur'an,Ustadh Jaisam,45
4,"Sunday, September 7, 2026",1,12:30 PM – 01:30 PM,GRADE 6 - ABDULLAH IBN SALAAM (1ST SHIFT),Elementary,Grade 6,ODL - 1ST SHIFT,TLE / TVL,Teacher Arvin,45
3,"Saturday, September 6, 2026",1,12:30 PM – 01:30 PM,GRADE 6 - ABDULLAH IBN SALAAM (1ST SHIFT),Elementary,Grade 6,ODL - 1ST SHIFT,Arabic Language,Ustadh Ali,45
4,"Sunday, September 7, 2026",2,01:45 PM – 02:45 PM,GRADE 6 - ABDULLAH IBN SALAAM (1ST SHIFT),Elementary,Grade 6,ODL - 1ST SHIFT,Fil,Teacher Zuhora,45
2,"Wednesday, September 3, 2026",2,01:45 PM – 02:45 PM,GRADE 6 - ABBAS IBN ABD AL-MUTTALIB (1ST SHIFT),Elementary,Grade 6,ODL - 1ST SHIFT,Science,Tchr. Anna,45
2,"Wednesday, September 3, 2026",1,12:30 PM – 01:30 PM,GRADE 6 - ABBAS IBN ABD AL-MUTTALIB (1ST SHIFT),Elementary,Grade 6,ODL - 1ST SHIFT,Mathematics,Teacher Kat,45
1,"Tuesday, September 2, 2026",1,12:30 PM – 01:30 PM,GRADE 6 - ABBAS IBN ABD AL-MUTTALIB (1ST SHIFT),Elementary,Grade 6,ODL - 1ST SHIFT,Araling Panlipunan (AP),Tchr Normylah,45
2,"Wednesday, September 3, 2026",3,02:45 PM – 03:30 PM,GRADE 6 - ABBAS IBN ABD AL-MUTTALIB (1ST SHIFT),Elementary,Grade 6,ODL - 1ST SHIFT,English,Tchr. Jessa,45
3,"Saturday, September 6, 2026",2,01:45 PM – 02:45 PM,GRADE 6 - ABBAS IBN ABD AL-MUTTALIB (1ST SHIFT),Elementary,Grade 6,ODL - 1ST SHIFT,TLE / TVL,Teacher Arvin,45
4,"Sunday, September 7, 2026",1,12:30 PM – 01:30 PM,GRADE 6 - ABBAS IBN ABD AL-MUTTALIB (1ST SHIFT),Elementary,Grade 6,ODL - 1ST SHIFT,GMRC / Values,Ustadha Silfah,45
1,"Tuesday, September 2, 2026",3,02:45 PM – 03:30 PM,GRADE 6 - ABBAS IBN ABD AL-MUTTALIB (1ST SHIFT),Elementary,Grade 6,ODL - 1ST SHIFT,Fil,Teacher Zuhora,45
3,"Saturday, September 6, 2026",3,02:45 PM – 03:30 PM,GRADE 6 - ABBAS IBN ABD AL-MUTTALIB (1ST SHIFT),Elementary,Grade 6,ODL - 1ST SHIFT,Arabic Language,Ustadh Ali,45
3,"Saturday, September 6, 2026",1,12:30 PM – 01:30 PM,GRADE 6 - ABBAS IBN ABD AL-MUTTALIB (1ST SHIFT),Elementary,Grade 6,ODL - 1ST SHIFT,Qur'an,Ustadh Jaisam,45
4,"Sunday, September 7, 2026",2,01:45 PM – 02:45 PM,GRADE 6 - ABBAS IBN ABD AL-MUTTALIB (1ST SHIFT),Elementary,Grade 6,ODL - 1ST SHIFT,SHAF,Ust. Abdi,45
2,"Wednesday, September 3, 2026",3,05:45 PM – 06:45 PM,GRADE 6 - KHALEED IBN WALEED (2ND SHIFT),Elementary,Grade 6,ODL - 2ND SHIFT,Araling Panlipunan (AP),Tchr. Normylah,45
3,"Saturday, September 6, 2026",1,03:30 PM – 04:30 PM,GRADE 6 - KHALEED IBN WALEED (2ND SHIFT),Elementary,Grade 6,ODL - 2ND SHIFT,Fil,Tchr. Normylah,45
4,"Sunday, September 7, 2026",1,03:30 PM – 04:30 PM,GRADE 6 - KHALEED IBN WALEED (2ND SHIFT),Elementary,Grade 6,ODL - 2ND SHIFT,English,Tchr. Jessa,45
4,"Sunday, September 7, 2026",2,04:45 PM – 05:45 PM,GRADE 6 - KHALEED IBN WALEED (2ND SHIFT),Elementary,Grade 6,ODL - 2ND SHIFT,Science,Tchr. Anna,45
2,"Wednesday, September 3, 2026",1,03:30 PM – 04:30 PM,GRADE 6 - KHALEED IBN WALEED (2ND SHIFT),Elementary,Grade 6,ODL - 2ND SHIFT,Qur'an,Ustadh Jaisam,45
1,"Tuesday, September 2, 2026",2,04:45 PM – 05:45 PM,GRADE 6 - KHALEED IBN WALEED (2ND SHIFT),Elementary,Grade 6,ODL - 2ND SHIFT,GMRC / Values,Ustadha Silfah,45
4,"Sunday, September 7, 2026",3,05:45 PM – 06:45 PM,GRADE 6 - KHALEED IBN WALEED (2ND SHIFT),Elementary,Grade 6,ODL - 2ND SHIFT,Mathematics,Teacher Kat,45
1,"Tuesday, September 2, 2026",3,05:45 PM – 06:45 PM,GRADE 6 - KHALEED IBN WALEED (2ND SHIFT),Elementary,Grade 6,ODL - 2ND SHIFT,SHAF,Ust. Abdi,45
3,"Saturday, September 6, 2026",3,05:45 PM – 06:45 PM,GRADE 6 - KHALEED IBN WALEED (2ND SHIFT),Elementary,Grade 6,ODL - 2ND SHIFT,Arabic Language,Ustadh Ali,45
2,"Wednesday, September 3, 2026",2,04:45 PM – 05:45 PM,GRADE 6 - KHALEED IBN WALEED (2ND SHIFT),Elementary,Grade 6,ODL - 2ND SHIFT,TLE / TVL,Teacher Arvin,45
4,"Sunday, September 7, 2026",3,05:45 PM – 06:45 PM,GRADE 6 - DIHYA IBN KHALIFAH (2ND SHIFT) GIRLS,Elementary,Grade 6,ODL - 2ND SHIFT,Science,Tchr. Fhairudz,45
2,"Wednesday, September 3, 2026",3,05:45 PM – 06:45 PM,GRADE 6 - DIHYA IBN KHALIFAH (2ND SHIFT) GIRLS,Elementary,Grade 6,ODL - 2ND SHIFT,Araling Panlipunan (AP),Tchr. Normylah,45
4,"Sunday, September 7, 2026",2,04:45 PM – 05:45 PM,GRADE 6 - DIHYA IBN KHALIFAH (2ND SHIFT) GIRLS,Elementary,Grade 6,ODL - 2ND SHIFT,Filipino,Tchr. Normylah,45
2,"Wednesday, September 3, 2026",1,03:30 PM – 04:30 PM,GRADE 6 - DIHYA IBN KHALIFAH (2ND SHIFT) GIRLS,Elementary,Grade 6,ODL - 2ND SHIFT,Qur'an,Ust. Obayda,45
1,"Tuesday, September 2, 2026",3,05:45 PM – 06:45 PM,GRADE 6 - DIHYA IBN KHALIFAH (2ND SHIFT) GIRLS,Elementary,Grade 6,ODL - 2ND SHIFT,SHAF,Ustadh Faidh,45
1,"Tuesday, September 2, 2026",2,04:45 PM – 05:45 PM,GRADE 6 - DIHYA IBN KHALIFAH (2ND SHIFT) GIRLS,Elementary,Grade 6,ODL - 2ND SHIFT,English,Tchr. Jessa,45
3,"Saturday, September 6, 2026",3,05:45 PM – 06:45 PM,GRADE 6 - DIHYA IBN KHALIFAH (2ND SHIFT) GIRLS,Elementary,Grade 6,ODL - 2ND SHIFT,Mathematics,Tchr. Saimona,45
1,"Tuesday, September 2, 2026",1,03:30 PM – 04:30 PM,GRADE 6 - DIHYA IBN KHALIFAH (2ND SHIFT) GIRLS,Elementary,Grade 6,ODL - 2ND SHIFT,GMRC / Values,Ustadha Silfah,45
2,"Wednesday, September 3, 2026",2,04:45 PM – 05:45 PM,GRADE 6 - DIHYA IBN KHALIFAH (2ND SHIFT) GIRLS,Elementary,Grade 6,ODL - 2ND SHIFT,TLE / TVL,Teacher Arvin,45
3,"Saturday, September 6, 2026",1,03:30 PM – 04:30 PM,GRADE 6 - DIHYA IBN KHALIFAH (2ND SHIFT) GIRLS,Elementary,Grade 6,ODL - 2ND SHIFT,Arabic Language,Ustadh Ersahad,45
2,"Wednesday, September 3, 2026",2,08:45 AM – 09:45 AM,GRADE 7 & 8 GIRLS (FACE TO FACE),Junior High School,Grade 8,F2F,HG,Teacher Sophia,60
2,"Wednesday, September 3, 2026",1,07:30 AM – 08:30 AM,GRADE 7 & 8 GIRLS (FACE TO FACE),Junior High School,Grade 8,F2F,Filipino,Teacher Sophia,60
2,"Wednesday, September 3, 2026",3,10:00 AM – 11:00 AM,GRADE 7 & 8 GIRLS (FACE TO FACE),Junior High School,Grade 8,F2F,Araling Panlipunan (AP),Tchr. Franchette,60
1,"Tuesday, September 2, 2026",1,07:30 AM – 08:30 AM,GRADE 7 & 8 GIRLS (FACE TO FACE),Junior High School,Grade 8,F2F,Science,Teacher Shirehan,60
4,"Sunday, September 7, 2026",2,08:45 AM – 09:45 AM,GRADE 7 & 8 GIRLS (FACE TO FACE),Junior High School,Grade 8,F2F,GMRC / Values,Ustadha Silfah,60
3,"Saturday, September 6, 2026",1,07:30 AM – 08:30 AM,GRADE 7 & 8 GIRLS (FACE TO FACE),Junior High School,Grade 8,F2F,English,Teacher Jairah,60
3,"Saturday, September 6, 2026",3,10:00 AM – 11:00 AM,GRADE 7 & 8 GIRLS (FACE TO FACE),Junior High School,Grade 8,F2F,Arabic Language,Ustadh Ali,60
1,"Tuesday, September 2, 2026",3,10:00 AM – 11:00 AM,GRADE 7 & 8 GIRLS (FACE TO FACE),Junior High School,Grade 8,F2F,Qur'an,Ustadh Jaisam,60
3,"Saturday, September 6, 2026",2,08:45 AM – 09:45 AM,GRADE 7 & 8 GIRLS (FACE TO FACE),Junior High School,Grade 8,F2F,SHAF,Alim Samsuddin,60
4,"Sunday, September 7, 2026",3,10:00 AM – 12:00 PM,GRADE 7 & 8 GIRLS (FACE TO FACE),Junior High School,Grade 8,F2F,Mathematics,Tchr. Hannah,120
4,"Sunday, September 7, 2026",1,07:30 AM – 08:30 AM,GRADE 7 & 8 GIRLS (FACE TO FACE),Junior High School,Grade 8,F2F,TLE / TVL,Teacher Halnaisa,60
3,"Saturday, September 6, 2026",3,02:45 PM – 03:30 PM,GRADE 7 - USAMA IBN ZAYD (1ST SHIFT) GIRLS,Junior High School,Grade 7,ODL - 1ST SHIFT,GMRC / Values,Ustadha Silfah,60
4,"Sunday, September 7, 2026",1,12:30 PM – 01:30 PM,GRADE 7 - USAMA IBN ZAYD (1ST SHIFT) GIRLS,Junior High School,Grade 7,ODL - 1ST SHIFT,Science,Tchr. Aniah,60
4,"Sunday, September 7, 2026",3,02:45 PM – 03:30 PM,GRADE 7 - USAMA IBN ZAYD (1ST SHIFT) GIRLS,Junior High School,Grade 7,ODL - 1ST SHIFT,Qur'an,Ustadh Jaisam,60
4,"Sunday, September 7, 2026",2,01:45 PM – 02:45 PM,GRADE 7 - USAMA IBN ZAYD (1ST SHIFT) GIRLS,Junior High School,Grade 7,ODL - 1ST SHIFT,Araling Panlipunan (AP),Tchr. Franchette,60
3,"Saturday, September 6, 2026",1,12:30 PM – 01:30 PM,GRADE 7 - USAMA IBN ZAYD (1ST SHIFT) GIRLS,Junior High School,Grade 7,ODL - 1ST SHIFT,English,Teacher Jairah,60
2,"Wednesday, September 3, 2026",1,12:30 PM – 01:30 PM,GRADE 7 - USAMA IBN ZAYD (1ST SHIFT) GIRLS,Junior High School,Grade 7,ODL - 1ST SHIFT,TLE / TVL,Teacher Halnaisa,60
1,"Tuesday, September 2, 2026",1,12:30 PM – 01:30 PM,GRADE 7 - USAMA IBN ZAYD (1ST SHIFT) GIRLS,Junior High School,Grade 7,ODL - 1ST SHIFT,Arabic Language,Ustadh Ali,60
1,"Tuesday, September 2, 2026",2,01:45 PM – 02:45 PM,GRADE 7 - USAMA IBN ZAYD (1ST SHIFT) GIRLS,Junior High School,Grade 7,ODL - 1ST SHIFT,SHAF,Alim Samsuddin,60
2,"Wednesday, September 3, 2026",3,02:45 PM – 03:30 PM,GRADE 7 - USAMA IBN ZAYD (1ST SHIFT) GIRLS,Junior High School,Grade 7,ODL - 1ST SHIFT,Mathematics,Teacher Ethel,120
3,"Saturday, September 6, 2026",2,01:45 PM – 02:45 PM,GRADE 7 - USAMA IBN ZAYD (1ST SHIFT) GIRLS,Junior High School,Grade 7,ODL - 1ST SHIFT,Filipino,Teacher Sophia,60
3,"Saturday, September 6, 2026",1,03:30 PM – 04:30 PM,GRADE 7 - ANAS IBN MALIK (2ND SHIFT) - MIX,Junior High School,Grade 7,ODL - 2ND SHIFT,English,Teacher Jairah,60
3,"Saturday, September 6, 2026",2,04:45 PM – 05:45 PM,GRADE 7 - ANAS IBN MALIK (2ND SHIFT) - MIX,Junior High School,Grade 7,ODL - 2ND SHIFT,Science,Teacher Shirehan,60
4,"Sunday, September 7, 2026",2,04:45 PM – 05:45 PM,GRADE 7 - ANAS IBN MALIK (2ND SHIFT) - MIX,Junior High School,Grade 7,ODL - 2ND SHIFT,Qur'an,Ustadh Jaisam,60
4,"Sunday, September 7, 2026",1,03:30 PM – 04:30 PM,GRADE 7 - ANAS IBN MALIK (2ND SHIFT) - MIX,Junior High School,Grade 7,ODL - 2ND SHIFT,GMRC / Values,Ustadha Silfah,60
2,"Wednesday, September 3, 2026",2,04:45 PM – 05:45 PM,GRADE 7 - ANAS IBN MALIK (2ND SHIFT) - MIX,Junior High School,Grade 7,ODL - 2ND SHIFT,Filipino,Teacher Sophia,60
2,"Wednesday, September 3, 2026",1,03:30 PM – 04:30 PM,GRADE 7 - ANAS IBN MALIK (2ND SHIFT) - MIX,Junior High School,Grade 7,ODL - 2ND SHIFT,SHAF,Alim Samsuddin,60
1,"Tuesday, September 2, 2026",2,04:45 PM – 05:45 PM,GRADE 7 - ANAS IBN MALIK (2ND SHIFT) - MIX,Junior High School,Grade 7,ODL - 2ND SHIFT,TLE / TVL,Teacher Halnaisa,60
2,"Wednesday, September 3, 2026",3,05:45 PM – 06:45 PM,GRADE 7 - ANAS IBN MALIK (2ND SHIFT) - MIX,Junior High School,Grade 7,ODL - 2ND SHIFT,Araling Panlipunan (AP),Tchr. Franchette,60
1,"Tuesday, September 2, 2026",1,03:30 PM – 04:30 PM,GRADE 7 - ANAS IBN MALIK (2ND SHIFT) - MIX,Junior High School,Grade 7,ODL - 2ND SHIFT,Mathematics,Teacher Ethel,120
4,"Sunday, September 7, 2026",3,05:45 PM – 06:45 PM,GRADE 7 - ANAS IBN MALIK (2ND SHIFT) - MIX,Junior High School,Grade 7,ODL - 2ND SHIFT,Arabic Language,Ustadh Ali,60
2,"Wednesday, September 3, 2026",3,02:45 PM – 03:30 PM,GRADE 7 - ABU SUFYAN IBN AL-HARITH (1ST SHIFT) BOYS,Junior High School,Grade 7,ODL - 1ST SHIFT,TLE / TVL,Teacher Halnaisa,60
1,"Tuesday, September 2, 2026",2,01:45 PM – 02:45 PM,GRADE 7 - ABU SUFYAN IBN AL-HARITH (1ST SHIFT) BOYS,Junior High School,Grade 7,ODL - 1ST SHIFT,English,Teacher Jairah,60
4,"Sunday, September 7, 2026",2,01:45 PM – 02:45 PM,GRADE 7 - ABU SUFYAN IBN AL-HARITH (1ST SHIFT) BOYS,Junior High School,Grade 7,ODL - 1ST SHIFT,Qur'an,Ustadh Jaisam,60
3,"Saturday, September 6, 2026",2,01:45 PM – 02:45 PM,GRADE 7 - ABU SUFYAN IBN AL-HARITH (1ST SHIFT) BOYS,Junior High School,Grade 7,ODL - 1ST SHIFT,Science,Teacher Shirehan,60
2,"Wednesday, September 3, 2026",2,01:45 PM – 02:45 PM,GRADE 7 - ABU SUFYAN IBN AL-HARITH (1ST SHIFT) BOYS,Junior High School,Grade 7,ODL - 1ST SHIFT,Mathematics,Teacher Ethel,120
1,"Tuesday, September 2, 2026",1,12:30 PM – 01:30 PM,GRADE 7 - ABU SUFYAN IBN AL-HARITH (1ST SHIFT) BOYS,Junior High School,Grade 7,ODL - 1ST SHIFT,GMRC / Values,Ustadha Silfah,60
3,"Saturday, September 6, 2026",3,02:45 PM – 03:30 PM,GRADE 7 - ABU SUFYAN IBN AL-HARITH (1ST SHIFT) BOYS,Junior High School,Grade 7,ODL - 1ST SHIFT,Araling Panlipunan (AP),Tchr. Franchette,60
3,"Saturday, September 6, 2026",1,12:30 PM – 01:30 PM,GRADE 7 - ABU SUFYAN IBN AL-HARITH (1ST SHIFT) BOYS,Junior High School,Grade 7,ODL - 1ST SHIFT,Filipino,Teacher Sophia,60
4,"Sunday, September 7, 2026",1,12:30 PM – 01:30 PM,GRADE 7 - ABU SUFYAN IBN AL-HARITH (1ST SHIFT) BOYS,Junior High School,Grade 7,ODL - 1ST SHIFT,Arabic Language,Ustadh Ali,60
1,"Tuesday, September 2, 2026",3,02:45 PM – 03:30 PM,GRADE 7 - ABU SUFYAN IBN AL-HARITH (1ST SHIFT) BOYS,Junior High School,Grade 7,ODL - 1ST SHIFT,SHAF,Alim Samsuddin,60
3,"Saturday, September 6, 2026",1,03:30 PM – 04:30 PM,GRADE 8 - MU'ADH IBN JABAL (2ND SHIFT) - BOYS,Junior High School,Grade 8,ODL - 2ND SHIFT,Science,Tchr. Radzmia,60
2,"Wednesday, September 3, 2026",3,05:45 PM – 06:45 PM,GRADE 8 - MU'ADH IBN JABAL (2ND SHIFT) - BOYS,Junior High School,Grade 8,ODL - 2ND SHIFT,Arabic Language,Ustadh Ali,60
1,"Tuesday, September 2, 2026",2,04:45 PM – 05:45 PM,GRADE 8 - MU'ADH IBN JABAL (2ND SHIFT) - BOYS,Junior High School,Grade 8,ODL - 2ND SHIFT,Araling Panlipunan (AP),Tchr. Franchette,60
1,"Tuesday, September 2, 2026",3,05:45 PM – 06:45 PM,GRADE 8 - MU'ADH IBN JABAL (2ND SHIFT) - BOYS,Junior High School,Grade 8,ODL - 2ND SHIFT,GMRC / Values,Tchr. Wardah,60
1,"Tuesday, September 2, 2026",1,03:30 PM – 04:30 PM,GRADE 8 - MU'ADH IBN JABAL (2ND SHIFT) - BOYS,Junior High School,Grade 8,ODL - 2ND SHIFT,SHAF,Alim Samsuddin,60
2,"Wednesday, September 3, 2026",2,04:45 PM – 05:45 PM,GRADE 8 - MU'ADH IBN JABAL (2ND SHIFT) - BOYS,Junior High School,Grade 8,ODL - 2ND SHIFT,English,Teacher Jairah,60
4,"Sunday, September 7, 2026",1,03:30 PM – 04:30 PM,GRADE 8 - MU'ADH IBN JABAL (2ND SHIFT) - BOYS,Junior High School,Grade 8,ODL - 2ND SHIFT,Mathematics,Tchr. Hannah,120
3,"Saturday, September 6, 2026",3,05:45 PM – 06:45 PM,GRADE 8 - MU'ADH IBN JABAL (2ND SHIFT) - BOYS,Junior High School,Grade 8,ODL - 2ND SHIFT,Qur'an,Ustadh Jaisam,60
4,"Sunday, September 7, 2026",3,05:45 PM – 06:45 PM,GRADE 8 - MU'ADH IBN JABAL (2ND SHIFT) - BOYS,Junior High School,Grade 8,ODL - 2ND SHIFT,Filipino,Teacher Sophia,60
3,"Saturday, September 6, 2026",2,04:45 PM – 05:45 PM,GRADE 8 - MU'ADH IBN JABAL (2ND SHIFT) - BOYS,Junior High School,Grade 8,ODL - 2ND SHIFT,TLE / TVL,Teacher Halnaisa,60
2,"Wednesday, September 3, 2026",1,07:30 AM – 08:30 AM,GRADE 7 & 8 BOYS (FACE TO FACE),Junior High School,Grade 8,F2F,HG,Teacher Shirehan,60
2,"Wednesday, September 3, 2026",3,10:00 AM – 11:00 AM,GRADE 7 & 8 BOYS (FACE TO FACE),Junior High School,Grade 8,F2F,Science,Teacher Shirehan,60
1,"Tuesday, September 2, 2026",2,08:45 AM – 09:45 AM,GRADE 7 & 8 BOYS (FACE TO FACE),Junior High School,Grade 8,F2F,Filipino,Teacher Sophia,60
1,"Tuesday, September 2, 2026",3,10:00 AM – 12:00 PM,GRADE 7 & 8 BOYS (FACE TO FACE),Junior High School,Grade 8,F2F,Mathematics,Tchr. Hannah,120
3,"Saturday, September 6, 2026",1,07:30 AM – 08:30 AM,GRADE 7 & 8 BOYS (FACE TO FACE),Junior High School,Grade 8,F2F,Arabic Language,Ustadh Ali,60
3,"Saturday, September 6, 2026",2,08:45 AM – 09:45 AM,GRADE 7 & 8 BOYS (FACE TO FACE),Junior High School,Grade 8,F2F,GMRC / Values,Ustadha Silfah,60
3,"Saturday, September 6, 2026",3,10:00 AM – 11:00 AM,GRADE 7 & 8 BOYS (FACE TO FACE),Junior High School,Grade 8,F2F,Araling Panlipunan (AP),Tchr. Franchette,60
1,"Tuesday, September 2, 2026",1,07:30 AM – 08:30 AM,GRADE 7 & 8 BOYS (FACE TO FACE),Junior High School,Grade 8,F2F,TLE / TVL,Teacher Halnaisa,60
4,"Sunday, September 7, 2026",2,08:45 AM – 09:45 AM,GRADE 7 & 8 BOYS (FACE TO FACE),Junior High School,Grade 8,F2F,SHAF,Alim Samsuddin,60
4,"Sunday, September 7, 2026",3,10:00 AM – 11:00 AM,GRADE 7 & 8 BOYS (FACE TO FACE),Junior High School,Grade 8,F2F,Qur'an,Ustadh Jaisam,60
4,"Sunday, September 7, 2026",1,07:30 AM – 08:30 AM,GRADE 7 & 8 BOYS (FACE TO FACE),Junior High School,Grade 8,F2F,English,Teacher Jairah,60
1,"Tuesday, September 2, 2026",2,01:45 PM – 02:45 PM,GRADE 8 - SA'AD IBN MUA'DH (1ST SHIFT) - GIRLS,Junior High School,Grade 8,ODL - 1ST SHIFT,Science,Tchr. Radzmia,60
3,"Saturday, September 6, 2026",1,12:30 PM – 01:30 PM,GRADE 8 - SA'AD IBN MUA'DH (1ST SHIFT) - GIRLS,Junior High School,Grade 8,ODL - 1ST SHIFT,Mathematics,Tchr. Hannah,120
3,"Saturday, September 6, 2026",2,01:45 PM – 02:45 PM,GRADE 8 - SA'AD IBN MUA'DH (1ST SHIFT) - GIRLS,Junior High School,Grade 8,ODL - 1ST SHIFT,GMRC / Values,Tchr. Wardah,60
1,"Tuesday, September 2, 2026",3,02:45 PM – 03:30 PM,GRADE 8 - SA'AD IBN MUA'DH (1ST SHIFT) - GIRLS,Junior High School,Grade 8,ODL - 1ST SHIFT,Araling Panlipunan (AP),Tchr. Franchette,60
1,"Tuesday, September 2, 2026",1,12:30 PM – 01:30 PM,GRADE 8 - SA'AD IBN MUA'DH (1ST SHIFT) - GIRLS,Junior High School,Grade 8,ODL - 1ST SHIFT,English,Teacher Jairah,60
2,"Wednesday, September 3, 2026",2,01:45 PM – 02:45 PM,GRADE 8 - SA'AD IBN MUA'DH (1ST SHIFT) - GIRLS,Junior High School,Grade 8,ODL - 1ST SHIFT,Filipino,Teacher Sophia,60
4,"Sunday, September 7, 2026",2,01:45 PM – 02:45 PM,GRADE 8 - SA'AD IBN MUA'DH (1ST SHIFT) - GIRLS,Junior High School,Grade 8,ODL - 1ST SHIFT,TLE / TVL,Teacher Halnaisa,60
3,"Saturday, September 6, 2026",3,02:45 PM – 03:30 PM,GRADE 8 - SA'AD IBN MUA'DH (1ST SHIFT) - GIRLS,Junior High School,Grade 8,ODL - 1ST SHIFT,SHAF,Alim Samsuddin,60
2,"Wednesday, September 3, 2026",3,02:45 PM – 03:30 PM,GRADE 8 - SA'AD IBN MUA'DH (1ST SHIFT) - GIRLS,Junior High School,Grade 8,ODL - 1ST SHIFT,Qur'an,Ustadh Jaisam,60
4,"Sunday, September 7, 2026",3,02:45 PM – 03:30 PM,GRADE 8 - SA'AD IBN MUA'DH (1ST SHIFT) - GIRLS,Junior High School,Grade 8,ODL - 1ST SHIFT,Arabic Language,Ustadh Ali,60
2,"Wednesday, September 3, 2026",2,04:45 PM – 05:45 PM,GRADE 8 - NUAYM IBN MAS'UD (2ND SHIFT) MIX,Junior High School,Grade 8,ODL - 2ND SHIFT,Araling Panlipunan (AP),Tchr. Franchette,60
1,"Tuesday, September 2, 2026",3,05:45 PM – 06:45 PM,GRADE 8 - NUAYM IBN MAS'UD (2ND SHIFT) MIX,Junior High School,Grade 8,ODL - 2ND SHIFT,SHAF,Alim Samsuddin,60
4,"Sunday, September 7, 2026",3,05:45 PM – 06:45 PM,GRADE 8 - NUAYM IBN MAS'UD (2ND SHIFT) MIX,Junior High School,Grade 8,ODL - 2ND SHIFT,Qur'an,Ustadh Jaisam,60
4,"Sunday, September 7, 2026",2,04:45 PM – 05:45 PM,GRADE 8 - NUAYM IBN MAS'UD (2ND SHIFT) MIX,Junior High School,Grade 8,ODL - 2ND SHIFT,TLE / TVL,Teacher Halnaisa,60
1,"Tuesday, September 2, 2026",1,03:30 PM – 04:30 PM,GRADE 8 - NUAYM IBN MAS'UD (2ND SHIFT) MIX,Junior High School,Grade 8,ODL - 2ND SHIFT,Filipino,Teacher Sophia,60
2,"Wednesday, September 3, 2026",3,05:45 PM – 06:45 PM,GRADE 8 - NUAYM IBN MAS'UD (2ND SHIFT) MIX,Junior High School,Grade 8,ODL - 2ND SHIFT,Science,Tchr. Radzmia,60
4,"Sunday, September 7, 2026",1,03:30 PM – 04:30 PM,GRADE 8 - NUAYM IBN MAS'UD (2ND SHIFT) MIX,Junior High School,Grade 8,ODL - 2ND SHIFT,Mathematics,Tchr. Hannah,120
2,"Wednesday, September 3, 2026",1,03:30 PM – 04:30 PM,GRADE 8 - NUAYM IBN MAS'UD (2ND SHIFT) MIX,Junior High School,Grade 8,ODL - 2ND SHIFT,Arabic Language,Ustadh Ali,60
1,"Tuesday, September 2, 2026",2,04:45 PM – 05:45 PM,GRADE 8 - NUAYM IBN MAS'UD (2ND SHIFT) MIX,Junior High School,Grade 8,ODL - 2ND SHIFT,English,Teacher Jairah,60
3,"Saturday, September 6, 2026",2,04:45 PM – 05:45 PM,GRADE 8 - NUAYM IBN MAS'UD (2ND SHIFT) MIX,Junior High School,Grade 8,ODL - 2ND SHIFT,GMRC / Values,Tchr. Wardah,60
4,"Sunday, September 7, 2026",1,07:30 AM – 08:30 AM,GRADE 9 & 10 GIRLS (FACE TO FACE),Junior High School,Grade 10,F2F,English,Tchr. Norhaima,60
2,"Wednesday, September 3, 2026",2,09:45 AM – 11:45 AM,GRADE 9 & 10 GIRLS (FACE TO FACE),Junior High School,Grade 10,F2F,Mathematics,Tchr. Jhelyn,120
1,"Tuesday, September 2, 2026",3,10:00 AM – 11:00 AM,GRADE 9 & 10 GIRLS (FACE TO FACE),Junior High School,Grade 10,F2F,Filipino,Teacher Nadzra,60
2,"Wednesday, September 3, 2026",3,10:00 AM – 11:00 AM,GRADE 9 & 10 GIRLS (FACE TO FACE),Junior High School,Grade 10,F2F,Science,Teacher Sophia,60
2,"Wednesday, September 3, 2026",1,07:30 AM – 08:30 AM,GRADE 9 & 10 GIRLS (FACE TO FACE),Junior High School,Grade 10,F2F,GMRC / Values,Teacher Nof,60
1,"Tuesday, September 2, 2026",2,08:45 AM – 09:45 AM,GRADE 9 & 10 GIRLS (FACE TO FACE),Junior High School,Grade 10,F2F,SHAF,Alim Samsuddin,60
4,"Sunday, September 7, 2026",2,08:45 AM – 09:45 AM,GRADE 9 & 10 GIRLS (FACE TO FACE),Junior High School,Grade 10,F2F,Arabic Language,Alim Mamonas,60
3,"Saturday, September 6, 2026",1,07:30 AM – 08:30 AM,GRADE 9 & 10 GIRLS (FACE TO FACE),Junior High School,Grade 10,F2F,Araling Panlipunan (AP),Sir Moh,60
4,"Sunday, September 7, 2026",3,10:00 AM – 11:00 AM,GRADE 9 & 10 GIRLS (FACE TO FACE),Junior High School,Grade 10,F2F,Qur'an,Alim Abdulwahab,60
1,"Tuesday, September 2, 2026",1,07:30 AM – 08:30 AM,GRADE 9 & 10 GIRLS (FACE TO FACE),Junior High School,Grade 10,F2F,TLE / TVL,Tchr. Angeleni,60
1,"Tuesday, September 2, 2026",1,12:30 PM – 01:30 PM,GRADE 9 - ABU HURAYRAH (1ST SHIFT) GIRLS,Junior High School,Grade 9,ODL - 1ST SHIFT,SHAF,Alim Samsuddin,60
3,"Saturday, September 6, 2026",3,02:45 PM – 03:30 PM,GRADE 9 - ABU HURAYRAH (1ST SHIFT) GIRLS,Junior High School,Grade 9,ODL - 1ST SHIFT,Qur'an,Alim Abdulwahab,60
4,"Sunday, September 7, 2026",2,01:45 PM – 02:45 PM,GRADE 9 - ABU HURAYRAH (1ST SHIFT) GIRLS,Junior High School,Grade 9,ODL - 1ST SHIFT,Mathematics,Tchr. Jhelyn,120
2,"Wednesday, September 3, 2026",1,12:30 PM – 01:30 PM,GRADE 9 - ABU HURAYRAH (1ST SHIFT) GIRLS,Junior High School,Grade 9,ODL - 1ST SHIFT,TLE / TVL,Tchr. Angeleni,60
4,"Sunday, September 7, 2026",3,02:45 PM – 03:30 PM,GRADE 9 - ABU HURAYRAH (1ST SHIFT) GIRLS,Junior High School,Grade 9,ODL - 1ST SHIFT,Science,Teacher Sophia,60
2,"Wednesday, September 3, 2026",3,02:45 PM – 03:30 PM,GRADE 9 - ABU HURAYRAH (1ST SHIFT) GIRLS,Junior High School,Grade 9,ODL - 1ST SHIFT,Arabic Language,Ust. Raslina,60
3,"Saturday, September 6, 2026",2,01:45 PM – 02:45 PM,GRADE 9 - ABU HURAYRAH (1ST SHIFT) GIRLS,Junior High School,Grade 9,ODL - 1ST SHIFT,English,Tchr. Norhaima,60
3,"Saturday, September 6, 2026",1,12:30 PM – 01:30 PM,GRADE 9 - ABU HURAYRAH (1ST SHIFT) GIRLS,Junior High School,Grade 9,ODL - 1ST SHIFT,Araling Panlipunan (AP),Sir Moh,60
1,"Tuesday, September 2, 2026",3,02:45 PM – 03:30 PM,GRADE 9 - ABU HURAYRAH (1ST SHIFT) GIRLS,Junior High School,Grade 9,ODL - 1ST SHIFT,GMRC / Values,Teacher Nof,60
4,"Sunday, September 7, 2026",1,12:30 PM – 01:30 PM,GRADE 9 - ABU HURAYRAH (1ST SHIFT) GIRLS,Junior High School,Grade 9,ODL - 1ST SHIFT,Filipino,Teacher Nadzra,60
1,"Tuesday, September 2, 2026",3,05:45 PM – 06:45 PM,GRADE 9 - ABU DHARR AL GHIFARRI (2ND SHIFT) BOYS,Junior High School,Grade 9,ODL - 2ND SHIFT,Arabic Language,Ustadh Ali,60
2,"Wednesday, September 3, 2026",1,03:30 PM – 04:30 PM,GRADE 9 - ABU DHARR AL GHIFARRI (2ND SHIFT) BOYS,Junior High School,Grade 9,ODL - 2ND SHIFT,Science,Teacher Rowena,60
4,"Sunday, September 7, 2026",1,03:30 PM – 04:30 PM,GRADE 9 - ABU DHARR AL GHIFARRI (2ND SHIFT) BOYS,Junior High School,Grade 9,ODL - 2ND SHIFT,SHAF,Alim Samsuddin,60
1,"Tuesday, September 2, 2026",1,03:30 PM – 04:30 PM,GRADE 9 - ABU DHARR AL GHIFARRI (2ND SHIFT) BOYS,Junior High School,Grade 9,ODL - 2ND SHIFT,Qur'an,Alim Abdulwahab,60
1,"Tuesday, September 2, 2026",2,04:45 PM – 05:45 PM,GRADE 9 - ABU DHARR AL GHIFARRI (2ND SHIFT) BOYS,Junior High School,Grade 9,ODL - 2ND SHIFT,English,Tchr. Norhaima,60
4,"Sunday, September 7, 2026",2,04:45 PM – 05:45 PM,GRADE 9 - ABU DHARR AL GHIFARRI (2ND SHIFT) BOYS,Junior High School,Grade 9,ODL - 2ND SHIFT,Mathematics,Tchr. Jhelyn,120
3,"Saturday, September 6, 2026",1,03:30 PM – 04:30 PM,GRADE 9 - ABU DHARR AL GHIFARRI (2ND SHIFT) BOYS,Junior High School,Grade 9,ODL - 2ND SHIFT,GMRC / Values,Teacher Nof,60
2,"Wednesday, September 3, 2026",2,04:45 PM – 05:45 PM,GRADE 9 - ABU DHARR AL GHIFARRI (2ND SHIFT) BOYS,Junior High School,Grade 9,ODL - 2ND SHIFT,TLE / TVL,Tchr. Angeleni,60
3,"Saturday, September 6, 2026",3,05:45 PM – 06:45 PM,GRADE 9 - ABU DHARR AL GHIFARRI (2ND SHIFT) BOYS,Junior High School,Grade 9,ODL - 2ND SHIFT,Filipino,Teacher Nadzra,60
2,"Wednesday, September 3, 2026",3,05:45 PM – 06:45 PM,GRADE 9 - ABU DHARR AL GHIFARRI (2ND SHIFT) BOYS,Junior High School,Grade 9,ODL - 2ND SHIFT,Araling Panlipunan (AP),Tchr. Angeleni,60
4,"Sunday, September 7, 2026",3,05:45 PM – 06:45 PM,GRADE 9 - ABU JANDAL IBN SUHAYL (2ND SHIFT) GIRLS,Junior High School,Grade 9,ODL - 2ND SHIFT,SHAF,Alim Samsuddin,60
1,"Tuesday, September 2, 2026",2,04:45 PM – 05:45 PM,GRADE 9 - ABU JANDAL IBN SUHAYL (2ND SHIFT) GIRLS,Junior High School,Grade 9,ODL - 2ND SHIFT,Filipino,Teacher Nadzra,60
2,"Wednesday, September 3, 2026",3,05:45 PM – 06:45 PM,GRADE 9 - ABU JANDAL IBN SUHAYL (2ND SHIFT) GIRLS,Junior High School,Grade 9,ODL - 2ND SHIFT,Qur'an,Alim Abdulwahab,60
1,"Tuesday, September 2, 2026",1,03:30 PM – 04:30 PM,GRADE 9 - ABU JANDAL IBN SUHAYL (2ND SHIFT) GIRLS,Junior High School,Grade 9,ODL - 2ND SHIFT,Araling Panlipunan (AP),Sir Moh,60
2,"Wednesday, September 3, 2026",1,03:30 PM – 04:30 PM,GRADE 9 - ABU JANDAL IBN SUHAYL (2ND SHIFT) GIRLS,Junior High School,Grade 9,ODL - 2ND SHIFT,Science,Teacher Rowena,60
4,"Sunday, September 7, 2026",2,04:45 PM – 05:45 PM,GRADE 9 - ABU JANDAL IBN SUHAYL (2ND SHIFT) GIRLS,Junior High School,Grade 9,ODL - 2ND SHIFT,Arabic Language,Ustadh Ali,60
3,"Saturday, September 6, 2026",3,05:45 PM – 06:45 PM,GRADE 9 - ABU JANDAL IBN SUHAYL (2ND SHIFT) GIRLS,Junior High School,Grade 9,ODL - 2ND SHIFT,TLE / TVL,Tchr. Angeleni,60
2,"Wednesday, September 3, 2026",2,04:45 PM – 05:45 PM,GRADE 9 - ABU JANDAL IBN SUHAYL (2ND SHIFT) GIRLS,Junior High School,Grade 9,ODL - 2ND SHIFT,Mathematics,Tchr. Jhelyn,120
3,"Saturday, September 6, 2026",2,04:45 PM – 05:45 PM,GRADE 9 - ABU JANDAL IBN SUHAYL (2ND SHIFT) GIRLS,Junior High School,Grade 9,ODL - 2ND SHIFT,GMRC / Values,Teacher Nof,60
3,"Saturday, September 6, 2026",1,03:30 PM – 04:30 PM,GRADE 9 - ABU JANDAL IBN SUHAYL (2ND SHIFT) GIRLS,Junior High School,Grade 9,ODL - 2ND SHIFT,English,Tchr. Norhaima,60
4,"Sunday, September 7, 2026",1,12:30 PM – 01:30 PM,GRADE 10 - UTBAH IBN GHAZWAN (1ST SHIFT) GIRLS,Junior High School,Grade 10,ODL - 1ST SHIFT,Qur'an,Alim Abdulwahab,60
2,"Wednesday, September 3, 2026",3,02:45 PM – 03:30 PM,GRADE 10 - UTBAH IBN GHAZWAN (1ST SHIFT) GIRLS,Junior High School,Grade 10,ODL - 1ST SHIFT,TLE / TVL,Tchr. Angeleni,60
1,"Tuesday, September 2, 2026",1,12:30 PM – 01:30 PM,GRADE 10 - UTBAH IBN GHAZWAN (1ST SHIFT) GIRLS,Junior High School,Grade 10,ODL - 1ST SHIFT,Arabic Language,Alim Mamonas,60
2,"Wednesday, September 3, 2026",1,12:30 PM – 01:30 PM,GRADE 10 - UTBAH IBN GHAZWAN (1ST SHIFT) GIRLS,Junior High School,Grade 10,ODL - 1ST SHIFT,SHAF,Alim Bustamante,60
2,"Wednesday, September 3, 2026",2,01:45 PM – 02:45 PM,GRADE 10 - UTBAH IBN GHAZWAN (1ST SHIFT) GIRLS,Junior High School,Grade 10,ODL - 1ST SHIFT,Araling Panlipunan (AP),Sir Moh,60
3,"Saturday, September 6, 2026",1,12:30 PM – 01:30 PM,GRADE 10 - UTBAH IBN GHAZWAN (1ST SHIFT) GIRLS,Junior High School,Grade 10,ODL - 1ST SHIFT,English,Tchr. Norhaima,60
1,"Tuesday, September 2, 2026",3,02:45 PM – 03:30 PM,GRADE 10 - UTBAH IBN GHAZWAN (1ST SHIFT) GIRLS,Junior High School,Grade 10,ODL - 1ST SHIFT,Science,Teacher Sophia,60
1,"Tuesday, September 2, 2026",2,01:45 PM – 02:45 PM,GRADE 10 - UTBAH IBN GHAZWAN (1ST SHIFT) GIRLS,Junior High School,Grade 10,ODL - 1ST SHIFT,Mathematics,Tchr. Jhelyn,120
3,"Saturday, September 6, 2026",2,01:45 PM – 02:45 PM,GRADE 10 - UTBAH IBN GHAZWAN (1ST SHIFT) GIRLS,Junior High School,Grade 10,ODL - 1ST SHIFT,Filipino,Teacher Nadzra,60
4,"Sunday, September 7, 2026",2,01:45 PM – 02:45 PM,GRADE 10 - UTBAH IBN GHAZWAN (1ST SHIFT) GIRLS,Junior High School,Grade 10,ODL - 1ST SHIFT,GMRC / Values,Teacher Nof,60
4,"Sunday, September 7, 2026",1,07:30 AM – 08:30 AM,GRADE 9 & 10 BOYS (FACE TO FACE),Junior High School,Grade 10,F2F,HG,Teacher Nadzra,60
1,"Tuesday, September 2, 2026",1,07:30 AM – 08:30 AM,GRADE 9 & 10 BOYS (FACE TO FACE),Junior High School,Grade 10,F2F,Filipino,Teacher Nadzra,60
2,"Wednesday, September 3, 2026",1,07:30 AM – 08:30 AM,GRADE 9 & 10 BOYS (FACE TO FACE),Junior High School,Grade 10,F2F,Science,Teacher Rowena,60
3,"Saturday, September 6, 2026",2,08:45 AM – 09:45 AM,GRADE 9 & 10 BOYS (FACE TO FACE),Junior High School,Grade 10,F2F,TLE / TVL,Tchr. Angeleni,60
2,"Wednesday, September 3, 2026",3,10:00 AM – 11:00 AM,GRADE 9 & 10 BOYS (FACE TO FACE),Junior High School,Grade 10,F2F,Qur'an,Alim Abdulwahab,60
3,"Saturday, September 6, 2026",3,10:00 AM – 11:00 AM,GRADE 9 & 10 BOYS (FACE TO FACE),Junior High School,Grade 10,F2F,Araling Panlipunan (AP),Sir Moh,60
1,"Tuesday, September 2, 2026",2,08:45 AM – 09:45 AM,GRADE 9 & 10 BOYS (FACE TO FACE),Junior High School,Grade 10,F2F,SHAF,Alim Samsuddin,60
1,"Tuesday, September 2, 2026",3,10:00 AM – 11:00 AM,GRADE 9 & 10 BOYS (FACE TO FACE),Junior High School,Grade 10,F2F,English,Tchr. Norhaima,60
4,"Sunday, September 7, 2026",3,10:00 AM – 11:00 AM,GRADE 9 & 10 BOYS (FACE TO FACE),Junior High School,Grade 10,F2F,GMRC / Values,Teacher Nof,60
2,"Wednesday, September 3, 2026",2,08:45 AM – 09:45 AM,GRADE 9 & 10 BOYS (FACE TO FACE),Junior High School,Grade 10,F2F,Arabic Language,Alim Mamonas,60
3,"Saturday, September 6, 2026",1,07:30 AM – 09:30 AM,GRADE 9 & 10 BOYS (FACE TO FACE),Junior High School,Grade 10,F2F,Mathematics,Tchr. Jhelyn,120
3,"Saturday, September 6, 2026",1,03:30 PM – 04:30 PM,GRADE 10 - ABU AYYUB AL-ANSARI (2ND SHIFT) BOYS,Junior High School,Grade 10,ODL - 2ND SHIFT,Mathematics,Tchr. Jhelyn,120
3,"Saturday, September 6, 2026",3,05:45 PM – 06:45 PM,GRADE 10 - ABU AYYUB AL-ANSARI (2ND SHIFT) BOYS,Junior High School,Grade 10,ODL - 2ND SHIFT,Qur'an,Alim Abdulwahab,60
1,"Tuesday, September 2, 2026",1,03:30 PM – 04:30 PM,GRADE 10 - ABU AYYUB AL-ANSARI (2ND SHIFT) BOYS,Junior High School,Grade 10,ODL - 2ND SHIFT,SHAF,Alim Bustamante,60
3,"Saturday, September 6, 2026",2,04:45 PM – 05:45 PM,GRADE 10 - ABU AYYUB AL-ANSARI (2ND SHIFT) BOYS,Junior High School,Grade 10,ODL - 2ND SHIFT,Arabic Language,Alim Mamonas,60
1,"Tuesday, September 2, 2026",2,04:45 PM – 05:45 PM,GRADE 10 - ABU AYYUB AL-ANSARI (2ND SHIFT) BOYS,Junior High School,Grade 10,ODL - 2ND SHIFT,Araling Panlipunan (AP),Sir Moh,60
4,"Sunday, September 7, 2026",3,05:45 PM – 06:45 PM,GRADE 10 - ABU AYYUB AL-ANSARI (2ND SHIFT) BOYS,Junior High School,Grade 10,ODL - 2ND SHIFT,English,Tchr. Norhaima,60
4,"Sunday, September 7, 2026",1,03:30 PM – 04:30 PM,GRADE 10 - ABU AYYUB AL-ANSARI (2ND SHIFT) BOYS,Junior High School,Grade 10,ODL - 2ND SHIFT,Filipino,Teacher Nadzra,60
2,"Wednesday, September 3, 2026",1,03:30 PM – 04:30 PM,GRADE 10 - ABU AYYUB AL-ANSARI (2ND SHIFT) BOYS,Junior High School,Grade 10,ODL - 2ND SHIFT,Science,Teacher Sophia,60
4,"Sunday, September 7, 2026",2,04:45 PM – 05:45 PM,GRADE 10 - ABU AYYUB AL-ANSARI (2ND SHIFT) BOYS,Junior High School,Grade 10,ODL - 2ND SHIFT,TLE / TVL,Tchr. Angeleni,60
2,"Wednesday, September 3, 2026",3,05:45 PM – 06:45 PM,GRADE 10 - ABU AYYUB AL-ANSARI (2ND SHIFT) BOYS,Junior High School,Grade 10,ODL - 2ND SHIFT,GMRC / Values,Teacher Nof,60
3,"Saturday, September 6, 2026",3,02:45 PM – 03:30 PM,GRADE 11 (1ST SHIFT GIRLS),Senior High School,Grade 11,ODL - 1ST SHIFT,Arabic Language,Alim Mamonas,60
3,"Saturday, September 6, 2026",1,12:30 PM – 01:30 PM,GRADE 11 (1ST SHIFT GIRLS),Senior High School,Grade 11,ODL - 1ST SHIFT,Gen Bio 1,Teacher Rowena,60
3,"Saturday, September 6, 2026",2,01:45 PM – 02:45 PM,GRADE 11 (1ST SHIFT GIRLS),Senior High School,Grade 11,ODL - 1ST SHIFT,Qur'an,Alim Abdulwahab,60
4,"Sunday, September 7, 2026",3,02:45 PM – 03:30 PM,GRADE 11 (1ST SHIFT GIRLS),Senior High School,Grade 11,ODL - 1ST SHIFT,General Mathematics,Tchr. Jhelyn,120
4,"Sunday, September 7, 2026",2,01:45 PM – 02:45 PM,GRADE 11 (1ST SHIFT GIRLS),Senior High School,Grade 11,ODL - 1ST SHIFT,EC,Teacher Nadzra,60
4,"Sunday, September 7, 2026",1,12:30 PM – 01:30 PM,GRADE 11 (1ST SHIFT GIRLS),Senior High School,Grade 11,ODL - 1ST SHIFT,PSKP,Teacher Shirehan,60
2,"Wednesday, September 3, 2026",3,02:45 PM – 03:30 PM,GRADE 11 (1ST SHIFT GIRLS),Senior High School,Grade 11,ODL - 1ST SHIFT,LCS,Tchr. Norhaima,60
2,"Wednesday, September 3, 2026",1,12:30 PM – 01:30 PM,GRADE 11 (1ST SHIFT GIRLS),Senior High School,Grade 11,ODL - 1ST SHIFT,SHAF,Alim Samsuddin,60
1,"Tuesday, September 2, 2026",2,01:45 PM – 02:45 PM,GRADE 11 (1ST SHIFT GIRLS),Senior High School,Grade 11,ODL - 1ST SHIFT,Science,Teacher Rowena,60
3,"Saturday, September 6, 2026",1,07:30 AM – 08:30 AM,GRADE 11 (FACE TO FACE),Senior High School,Grade 11,F2F,Science,Teacher Rowena,60
2,"Wednesday, September 3, 2026",2,08:45 AM – 09:45 AM,GRADE 11 (FACE TO FACE),Senior High School,Grade 11,F2F,LCS,Tchr. Norhaima,60
3,"Saturday, September 6, 2026",2,09:45 AM – 11:45 AM,GRADE 11 (FACE TO FACE),Senior High School,Grade 11,F2F,General Mathematics,Tchr. Jhelyn,120
1,"Tuesday, September 2, 2026",3,10:00 AM – 11:00 AM,GRADE 11 (FACE TO FACE),Senior High School,Grade 11,F2F,PSKP,Teacher Shirehan,60
1,"Tuesday, September 2, 2026",2,08:45 AM – 09:45 AM,GRADE 11 (FACE TO FACE),Senior High School,Grade 11,F2F,Arabic Language,Alim Mamonas,60
2,"Wednesday, September 3, 2026",1,07:30 AM – 08:30 AM,GRADE 11 (FACE TO FACE),Senior High School,Grade 11,F2F,SHAF,Alim Samsuddin,60
4,"Sunday, September 7, 2026",2,08:45 AM – 09:45 AM,GRADE 11 (FACE TO FACE),Senior High School,Grade 11,F2F,EC,Teacher Nadzra,60
1,"Tuesday, September 2, 2026",1,07:30 AM – 08:30 AM,GRADE 11 (FACE TO FACE),Senior High School,Grade 11,F2F,Gen Bio 1,Tchr. Radzmia,60
2,"Wednesday, September 3, 2026",3,10:00 AM – 11:00 AM,GRADE 11 (FACE TO FACE),Senior High School,Grade 11,F2F,Qur'an,Alim Dipatuan,60
3,"Saturday, September 6, 2026",1,03:30 PM – 04:30 PM,GRADE 11 (2ND SHIFT BOYS),Senior High School,Grade 11,ODL - 2ND SHIFT,SHAF,Alim Samsuddin,60
3,"Saturday, September 6, 2026",3,05:45 PM – 06:45 PM,GRADE 11 (2ND SHIFT BOYS),Senior High School,Grade 11,ODL - 2ND SHIFT,Arabic Language,Alim Mamonas,60
1,"Tuesday, September 2, 2026",3,05:45 PM – 06:45 PM,GRADE 11 (2ND SHIFT BOYS),Senior High School,Grade 11,ODL - 2ND SHIFT,LCS,Tchr. Norhaima,60
4,"Sunday, September 7, 2026",3,05:45 PM – 06:45 PM,GRADE 11 (2ND SHIFT BOYS),Senior High School,Grade 11,ODL - 2ND SHIFT,Gen Bio 1,Tchr. Radzmia,60
2,"Wednesday, September 3, 2026",3,05:45 PM – 06:45 PM,GRADE 11 (2ND SHIFT BOYS),Senior High School,Grade 11,ODL - 2ND SHIFT,LCS 11 2nd shift,Assigned Faculty,60
4,"Sunday, September 7, 2026",2,04:45 PM – 05:45 PM,GRADE 11 (2ND SHIFT BOYS),Senior High School,Grade 11,ODL - 2ND SHIFT,EC,Teacher Nadzra,60
4,"Sunday, September 7, 2026",1,03:30 PM – 04:30 PM,GRADE 11 (2ND SHIFT BOYS),Senior High School,Grade 11,ODL - 2ND SHIFT,PSKP 11,Teacher Shirehan,60
3,"Saturday, September 6, 2026",2,04:45 PM – 05:45 PM,GRADE 11 (2ND SHIFT BOYS),Senior High School,Grade 11,ODL - 2ND SHIFT,General Mathematics,Tchr. Jhelyn,120
2,"Wednesday, September 3, 2026",1,03:30 PM – 04:30 PM,GRADE 11 (2ND SHIFT BOYS),Senior High School,Grade 11,ODL - 2ND SHIFT,Qur'an,Alim Abdulwahab,60
1,"Tuesday, September 2, 2026",1,03:30 PM – 04:30 PM,GRADE 11 (2ND SHIFT BOYS),Senior High School,Grade 11,ODL - 2ND SHIFT,Science,Teacher Rowena,60
1,"Tuesday, September 2, 2026",2,08:45 AM – 09:45 AM,GRADE 12 - ABU MUSA AL-ASHARI,Senior High School,Grade 12,F2F,Science,Tchr. Aniah,60
4,"Sunday, September 7, 2026",2,08:45 AM – 09:45 AM,GRADE 12 - ABU MUSA AL-ASHARI,Senior High School,Grade 12,F2F,Gen Bio 1,Tchr. Radzmia,60
2,"Wednesday, September 3, 2026",3,10:00 AM – 11:00 AM,GRADE 12 - ABU MUSA AL-ASHARI,Senior High School,Grade 12,F2F,SHAF,Alim Samsuddin,60
3,"Saturday, September 6, 2026",2,08:45 AM – 09:45 AM,GRADE 12 - ABU MUSA AL-ASHARI,Senior High School,Grade 12,F2F,Arabic Language,Alim Mamonas,60
4,"Sunday, September 7, 2026",1,07:30 AM – 08:30 AM,GRADE 12 - ABU MUSA AL-ASHARI,Senior High School,Grade 12,F2F,Qur'an,Alim Dipatuan,60
1,"Tuesday, September 2, 2026",1,07:30 AM – 08:30 AM,GRADE 12 - ABU MUSA AL-ASHARI,Senior High School,Grade 12,F2F,21st Century Literature,Teacher Nof,60
4,"Sunday, September 7, 2026",3,10:00 AM – 11:00 AM,GRADE 12 - ABU MUSA AL-ASHARI,Senior High School,Grade 12,F2F,Prac. Res. 2,Tchr. Aniah,60
1,"Tuesday, September 2, 2026",3,10:00 AM – 11:00 AM,GRADE 12 - ABU MUSA AL-ASHARI,Senior High School,Grade 12,F2F,Media & Info Literacy,Teacher Ethel,60
3,"Saturday, September 6, 2026",1,07:30 AM – 08:30 AM,GRADE 12 - ABU MUSA AL-ASHARI,Senior High School,Grade 12,F2F,Research Consulatation,Assigned Faculty,60
2,"Wednesday, September 3, 2026",1,07:30 AM – 08:30 AM,GRADE 12 - ABU MUSA AL-ASHARI,Senior High School,Grade 12,F2F,MAPEH,Sir Moh,60
2,"Wednesday, September 3, 2026",2,08:45 AM – 09:45 AM,GRADE 12 - SUHAYB AR-RUMI,Senior High School,Grade 12,F2F,Prac. Res. 2,Tchr. Aniah,60
4,"Sunday, September 7, 2026",1,07:30 AM – 08:30 AM,GRADE 12 - SUHAYB AR-RUMI,Senior High School,Grade 12,F2F,Arabic Language,Alim Mamonas,60
3,"Saturday, September 6, 2026",1,07:30 AM – 08:30 AM,GRADE 12 - SUHAYB AR-RUMI,Senior High School,Grade 12,F2F,SHAF,Alim Samsuddin,60
1,"Tuesday, September 2, 2026",1,07:30 AM – 08:30 AM,GRADE 12 - SUHAYB AR-RUMI,Senior High School,Grade 12,F2F,Media & Info Literacy,Teacher Ethel,60
2,"Wednesday, September 3, 2026",1,07:30 AM – 08:30 AM,GRADE 12 - SUHAYB AR-RUMI,Senior High School,Grade 12,F2F,Science,Tchr. Aniah,60
3,"Saturday, September 6, 2026",2,08:45 AM – 09:45 AM,GRADE 12 - SUHAYB AR-RUMI,Senior High School,Grade 12,F2F,21st Century Literature,Teacher Nof,60
1,"Tuesday, September 2, 2026",3,10:00 AM – 11:00 AM,GRADE 12 - SUHAYB AR-RUMI,Senior High School,Grade 12,F2F,MAPEH,Sir Moh,60
4,"Sunday, September 7, 2026",3,10:00 AM – 11:00 AM,GRADE 12 - SUHAYB AR-RUMI,Senior High School,Grade 12,F2F,Research Consultation,Assigned Faculty,60
1,"Tuesday, September 2, 2026",2,08:45 AM – 09:45 AM,GRADE 12 - SUHAYB AR-RUMI,Senior High School,Grade 12,F2F,Gen Bio 1,Tchr. Radzmia,60
3,"Saturday, September 6, 2026",3,10:00 AM – 11:00 AM,GRADE 12 - SUHAYB AR-RUMI,Senior High School,Grade 12,F2F,Qur'an,Alim Dipatuan,60
3,"Saturday, September 6, 2026",1,12:30 PM – 01:30 PM,GRADE 11 (1ST SHIFT) GIRLS,Senior High School,Grade 11,ODL - 1ST SHIFT,SHAF 11,Alim Samsuddin,60
3,"Saturday, September 6, 2026",3,02:45 PM – 03:30 PM,GRADE 11 (1ST SHIFT) GIRLS,Senior High School,Grade 11,ODL - 1ST SHIFT,Qur'an,Alim Dipatuan,60
2,"Wednesday, September 3, 2026",3,02:45 PM – 03:30 PM,GRADE 11 (1ST SHIFT) GIRLS,Senior High School,Grade 11,ODL - 1ST SHIFT,Philosophy,Teacher Thea,60
1,"Tuesday, September 2, 2026",3,02:45 PM – 03:30 PM,GRADE 11 (1ST SHIFT) GIRLS,Senior High School,Grade 11,ODL - 1ST SHIFT,Arabic Language,Alim Mamonas,60
1,"Tuesday, September 2, 2026",2,01:45 PM – 02:45 PM,GRADE 11 (1ST SHIFT) GIRLS,Senior High School,Grade 11,ODL - 1ST SHIFT,Science,Assigned Faculty,60
4,"Sunday, September 7, 2026",1,12:30 PM – 01:30 PM,GRADE 11 (1ST SHIFT) GIRLS,Senior High School,Grade 11,ODL - 1ST SHIFT,General Mathematics,Assigned Faculty,120
2,"Wednesday, September 3, 2026",2,01:45 PM – 02:45 PM,GRADE 11 (1ST SHIFT) GIRLS,Senior High School,Grade 11,ODL - 1ST SHIFT,Komunikasyon,Teacher Thea,60
2,"Wednesday, September 3, 2026",1,12:30 PM – 01:30 PM,GRADE 11 (1ST SHIFT) GIRLS,Senior High School,Grade 11,ODL - 1ST SHIFT,Earth & Life Science,Teacher Rowena,60
3,"Saturday, September 6, 2026",2,01:45 PM – 02:45 PM,GRADE 11 (1ST SHIFT) GIRLS,Senior High School,Grade 11,ODL - 1ST SHIFT,Mathematics,Assigned Faculty,120
4,"Sunday, September 7, 2026",2,01:45 PM – 02:45 PM,GRADE 11 (1ST SHIFT) GIRLS,Senior High School,Grade 11,ODL - 1ST SHIFT,Empowerment Tech,Sir Moh,60
4,"Sunday, September 7, 2026",3,02:45 PM – 03:30 PM,GRADE 11 (1ST SHIFT) GIRLS,Senior High School,Grade 11,ODL - 1ST SHIFT,Oral Communication,Teacher Nadzra,60
1,"Tuesday, September 2, 2026",1,12:30 PM – 01:30 PM,GRADE 11 (1ST SHIFT) GIRLS,Senior High School,Grade 11,ODL - 1ST SHIFT,MAPEH,Sir Moh,60
4,"Sunday, September 7, 2026",2,04:45 PM – 05:45 PM,GRADE 11 (2ND SHIFT) BOYS,Senior High School,Grade 11,ODL - 2ND SHIFT,Komunikasyon,Teacher Thea,60
2,"Wednesday, September 3, 2026",2,04:45 PM – 05:45 PM,GRADE 11 (2ND SHIFT) BOYS,Senior High School,Grade 11,ODL - 2ND SHIFT,MAPEH,Sir Moh,60
4,"Sunday, September 7, 2026",3,05:45 PM – 06:45 PM,GRADE 11 (2ND SHIFT) BOYS,Senior High School,Grade 11,ODL - 2ND SHIFT,Oral Communication,Teacher Nadzra,60
3,"Saturday, September 6, 2026",1,03:30 PM – 04:30 PM,GRADE 11 (2ND SHIFT) BOYS,Senior High School,Grade 11,ODL - 2ND SHIFT,Arabic Language,Alim Mamonas,60
2,"Wednesday, September 3, 2026",1,03:30 PM – 04:30 PM,GRADE 11 (2ND SHIFT) BOYS,Senior High School,Grade 11,ODL - 2ND SHIFT,Qur'an,Alim Dipatuan,60
3,"Saturday, September 6, 2026",3,05:45 PM – 06:45 PM,GRADE 11 (2ND SHIFT) BOYS,Senior High School,Grade 11,ODL - 2ND SHIFT,SHAF 11,Alim Samsuddin,60
2,"Wednesday, September 3, 2026",3,05:45 PM – 06:45 PM,GRADE 11 (2ND SHIFT) BOYS,Senior High School,Grade 11,ODL - 2ND SHIFT,Mathematics,Teacher Ahmad,120
1,"Tuesday, September 2, 2026",2,04:45 PM – 05:45 PM,GRADE 11 (2ND SHIFT) BOYS,Senior High School,Grade 11,ODL - 2ND SHIFT,Earth & Life Science,Teacher Rowena,60
1,"Tuesday, September 2, 2026",1,03:30 PM – 04:30 PM,GRADE 11 (2ND SHIFT) BOYS,Senior High School,Grade 11,ODL - 2ND SHIFT,Philosophy,Teacher Thea,60
3,"Saturday, September 6, 2026",2,04:45 PM – 05:45 PM,GRADE 11 (2ND SHIFT) BOYS,Senior High School,Grade 11,ODL - 2ND SHIFT,General Mathematics,Assigned Faculty,120
1,"Tuesday, September 2, 2026",3,05:45 PM – 06:45 PM,GRADE 11 (2ND SHIFT) BOYS,Senior High School,Grade 11,ODL - 2ND SHIFT,Science,Assigned Faculty,60
4,"Sunday, September 7, 2026",1,03:30 PM – 04:30 PM,GRADE 11 (2ND SHIFT) BOYS,Senior High School,Grade 11,ODL - 2ND SHIFT,Empowerment Tech,Sir Moh,60
4,"Sunday, September 7, 2026",1,07:30 AM – 08:30 AM,GRADE 12 (FACE TO FACE),Senior High School,Grade 12,F2F,Science,Teacher Rowena,60
2,"Wednesday, September 3, 2026",3,10:00 AM – 11:00 AM,GRADE 12 (FACE TO FACE),Senior High School,Grade 12,F2F,SHAF,Alim Samsuddin,60
2,"Wednesday, September 3, 2026",1,07:30 AM – 08:30 AM,GRADE 12 (FACE TO FACE),Senior High School,Grade 12,F2F,Practical Research 2 F2F,Assigned Faculty,60
4,"Sunday, September 7, 2026",2,08:45 AM – 09:45 AM,GRADE 12 (FACE TO FACE),Senior High School,Grade 12,F2F,Consultation Time (Research) F2F,Assigned Faculty,60
3,"Saturday, September 6, 2026",2,08:45 AM – 09:45 AM,GRADE 12 (FACE TO FACE),Senior High School,Grade 12,F2F,UCSP,Teacher Shirehan,60
4,"Sunday, September 7, 2026",3,10:00 AM – 11:00 AM,GRADE 12 (FACE TO FACE),Senior High School,Grade 12,F2F,Arabic Language,Alim Mamonas,60
1,"Tuesday, September 2, 2026",1,07:30 AM – 08:30 AM,GRADE 12 (FACE TO FACE),Senior High School,Grade 12,F2F,Media & Info Literacy,Teacher Thea,60
2,"Wednesday, September 3, 2026",2,08:45 AM – 09:45 AM,GRADE 12 (FACE TO FACE),Senior High School,Grade 12,F2F,Qur'an,Alim Dipatuan,60
3,"Saturday, September 6, 2026",1,07:30 AM – 08:30 AM,GRADE 12 (FACE TO FACE),Senior High School,Grade 12,F2F,21st Century Literature,Teacher Nof,60
1,"Tuesday, September 2, 2026",3,10:00 AM – 11:00 AM,GRADE 12 (FACE TO FACE),Senior High School,Grade 12,F2F,MAPEH,Assigned Faculty,60
1,"Tuesday, September 2, 2026",2,08:45 AM – 09:45 AM,GRADE 12 (FACE TO FACE),Senior High School,Grade 12,F2F,PFPL,Teacher Thea,60
4,"Sunday, September 7, 2026",2,01:45 PM – 02:45 PM,GRADE 12 ABU MUSA AL- ASHARI (GIRLS) - 1ST SHIFT,Senior High School,Grade 12,ODL - 1ST SHIFT,Science,Teacher Rowena,60
2,"Wednesday, September 3, 2026",3,02:45 PM – 03:30 PM,GRADE 12 ABU MUSA AL- ASHARI (GIRLS) - 1ST SHIFT,Senior High School,Grade 12,ODL - 1ST SHIFT,UCSP,Teacher Shirehan,60
2,"Wednesday, September 3, 2026",1,12:30 PM – 01:30 PM,GRADE 12 ABU MUSA AL- ASHARI (GIRLS) - 1ST SHIFT,Senior High School,Grade 12,ODL - 1ST SHIFT,21st Century Literature,Teacher Nof,60
2,"Wednesday, September 3, 2026",2,01:45 PM – 02:45 PM,GRADE 12 ABU MUSA AL- ASHARI (GIRLS) - 1ST SHIFT,Senior High School,Grade 12,ODL - 1ST SHIFT,Practical Research 2 ODL,Assigned Faculty,60
3,"Saturday, September 6, 2026",1,12:30 PM – 01:30 PM,GRADE 12 ABU MUSA AL- ASHARI (GIRLS) - 1ST SHIFT,Senior High School,Grade 12,ODL - 1ST SHIFT,SHAF 12,Ustadha Silfah,60
4,"Sunday, September 7, 2026",1,12:30 PM – 01:30 PM,GRADE 12 ABU MUSA AL- ASHARI (GIRLS) - 1ST SHIFT,Senior High School,Grade 12,ODL - 1ST SHIFT,Media & Info Literacy,Teacher Thea,60
4,"Sunday, September 7, 2026",3,02:45 PM – 03:30 PM,GRADE 12 ABU MUSA AL- ASHARI (GIRLS) - 1ST SHIFT,Senior High School,Grade 12,ODL - 1ST SHIFT,Consultation Time (Research),Assigned Faculty,60
1,"Tuesday, September 2, 2026",1,12:30 PM – 01:30 PM,GRADE 12 ABU MUSA AL- ASHARI (GIRLS) - 1ST SHIFT,Senior High School,Grade 12,ODL - 1ST SHIFT,Qur'an,Alim Dipatuan,60
1,"Tuesday, September 2, 2026",2,01:45 PM – 02:45 PM,GRADE 12 ABU MUSA AL- ASHARI (GIRLS) - 1ST SHIFT,Senior High School,Grade 12,ODL - 1ST SHIFT,Arabic Language,Alim Mamonas,60
3,"Saturday, September 6, 2026",2,01:45 PM – 02:45 PM,GRADE 12 ABU MUSA AL- ASHARI (GIRLS) - 1ST SHIFT,Senior High School,Grade 12,ODL - 1ST SHIFT,PFPL 12,Teacher Thea,60
3,"Saturday, September 6, 2026",3,02:45 PM – 03:30 PM,GRADE 12 ABU MUSA AL- ASHARI (GIRLS) - 1ST SHIFT,Senior High School,Grade 12,ODL - 1ST SHIFT,MAPEH,Sir Moh,60
1,"Tuesday, September 2, 2026",1,03:30 PM – 04:30 PM,GRADE 12 SUHAYB AR-RUMI (BOYS) - 2ND SHIFT,Senior High School,Grade 12,ODL - 2ND SHIFT,Qur'an,Alim Dipatuan,60
2,"Wednesday, September 3, 2026",2,04:45 PM – 05:45 PM,GRADE 12 SUHAYB AR-RUMI (BOYS) - 2ND SHIFT,Senior High School,Grade 12,ODL - 2ND SHIFT,SHAF,Alim Samsuddin,60
4,"Sunday, September 7, 2026",1,03:30 PM – 04:30 PM,GRADE 12 SUHAYB AR-RUMI (BOYS) - 2ND SHIFT,Senior High School,Grade 12,ODL - 2ND SHIFT,Media & Info Literacy,Teacher Thea,60
2,"Wednesday, September 3, 2026",3,05:45 PM – 06:45 PM,GRADE 12 SUHAYB AR-RUMI (BOYS) - 2ND SHIFT,Senior High School,Grade 12,ODL - 2ND SHIFT,Science,Teacher Rowena,60
3,"Saturday, September 6, 2026",3,05:45 PM – 06:45 PM,GRADE 12 SUHAYB AR-RUMI (BOYS) - 2ND SHIFT,Senior High School,Grade 12,ODL - 2ND SHIFT,Practical Research 2 ODL,Assigned Faculty,60
2,"Wednesday, September 3, 2026",1,03:30 PM – 04:30 PM,GRADE 12 SUHAYB AR-RUMI (BOYS) - 2ND SHIFT,Senior High School,Grade 12,ODL - 2ND SHIFT,MAPEH,Sir Moh,60
4,"Sunday, September 7, 2026",2,04:45 PM – 05:45 PM,GRADE 12 SUHAYB AR-RUMI (BOYS) - 2ND SHIFT,Senior High School,Grade 12,ODL - 2ND SHIFT,Arabic Language,Alim Mamonas,60
1,"Tuesday, September 2, 2026",3,05:45 PM – 06:45 PM,GRADE 12 SUHAYB AR-RUMI (BOYS) - 2ND SHIFT,Senior High School,Grade 12,ODL - 2ND SHIFT,PFPL 12,Teacher Thea,60
4,"Sunday, September 7, 2026",3,05:45 PM – 06:45 PM,GRADE 12 SUHAYB AR-RUMI (BOYS) - 2ND SHIFT,Senior High School,Grade 12,ODL - 2ND SHIFT,21st Century Literature,Teacher Nof,60
3,"Saturday, September 6, 2026",1,03:30 PM – 04:30 PM,GRADE 12 SUHAYB AR-RUMI (BOYS) - 2ND SHIFT,Senior High School,Grade 12,ODL - 2ND SHIFT,UCSP,Teacher Shirehan,60
